Date,Close,High,Low,Open,Volume,Return,MA_5,MA_10,Volatility,Target
2024-06-14,210.66514587402344,213.32212283006638,209.48536314811375,212.01346682824212,70122700,-0.008168333386853965,206.2275634765625,199.8379104614258,8.684603793473677,1
2024-06-17,214.8092041015625,217.06962191331422,210.89313031273133,211.53754196526575,93728300,0.019671304478706686,210.89710998535156,202.08246612548828,3.473943525291441,0
2024-06-18,212.44964599609375,216.7523850703462,211.17073132176122,215.7213082393038,79943300,-0.010984436702037859,212.3128448486328,204.05934143066406,1.5908937695074887,0
2024-06-20,207.87924194335935,212.4000929584359,207.05638337080816,212.0927425591543,86172500,-0.021512881470362344,211.6406677246094,205.42848052978516,2.567624089547822,0
2024-06-21,205.70806884765625,210.07027533194446,205.33132746963062,208.58315742215362,241805100,-0.0104443958685142,210.30226135253906,206.7183074951172,3.6066988630694117,1
2024-06-24,206.3524475097656,210.87328281107088,204.8157562235364,205.93605637703942,80727000,0.0031324909407737245,209.4397216796875,207.833642578125,3.9931997676012285,1
2024-06-25,207.2745056152344,209.5646648210329,206.81844945769743,207.35380525957078,55549700,0.004468365248855077,207.9327819824219,209.41494598388672,2.6591850446540746,1
2024-06-26,211.41860961914065,213.0147835489249,208.83102368645302,209.68363861405976,66213200,0.019993312692295095,207.72657470703126,210.01970977783202,2.2260608145127017,1
2024-06-27,212.2613220214844,213.88723714823547,210.52635096614495,212.84625148948237,49772700,0.003985989709524018,208.60299072265624,210.1218292236328,3.0216505323377554,0
2024-06-28,208.81117248535156,214.21437951883613,208.4939285392998,213.91695291908772,82542700,-0.016254254441059324,209.2236114501953,209.7629364013672,2.5621477467653113,1
2024-07-01,214.88853454589844,215.64200216221636,210.10001313722785,210.26855134899324,60402900,0.029104582806617874,210.9308288574219,210.18527526855468,2.980487344157767,1
2024-07-02,218.3783264160156,218.48738234159504,213.2527281692765,214.29369867156123,58046200,0.016240009628674557,213.15159301757814,210.5421875,3.6390511192296304,1
2024-07-03,219.6473388671875,219.6473388671875,217.14897630904898,218.1106471909744,37369800,0.005811073250714394,214.7973388671875,211.26195678710937,4.433391982145025,1
2024-07-05,224.39617919921875,224.50523511983306,219.74645469045154,219.74645469045154,60412400,0.021620295317589466,217.22431030273438,212.9136505126953,5.806790430236168,1
2024-07-08,225.86346435546875,225.89320550199054,221.3327047505454,225.13972278278513,59085900,0.006538815239573781,220.6347686767578,214.92919006347657,4.488129443615599,1
2024-07-09,226.716064453125,227.42988222637766,224.4259054004998,225.9725055332989,48076100,0.0037748473401364446,223.00027465820312,216.9655517578125,3.7602553936646905,1
2024-07-10,230.97914123535156,231.07828847688273,227.28117906796422,227.3307526887298,62627700,0.018803593792569462,225.52043762207032,219.3360153198242,4.095786920195383,0
2024-07-11,225.6156311035156,230.39422897123262,223.83108651749725,229.40281699319425,64710600,-0.023220755359770417,226.71409606933594,220.7557174682617,2.5245570083301287,1
2024-07-12,228.56011962890625,230.64209091466597,226.71609267309665,226.95403700304678,53046500,0.013050906583860211,227.54688415527343,222.3855972290039,2.2394718539508736,1
2024-07-15,232.386962890625,235.1926606193721,231.0882156126273,234.44910163171727,62631300,0.01674326767037071,228.8515838623047,224.74317626953126,2.834704131516348,1
2024-07-16,232.8033447265625,234.24088892580107,230.3347237014565,232.98179160349451,43234300,0.0017917607371695787,230.06903991699218,226.53465728759767,2.991118712487171,0
2024-07-17,226.9143829345703,229.47222770464353,224.6936146131452,227.4794799069808,57345900,-0.02529586419348495,229.25608825683594,227.3882629394531,3.2251468519694275,0
2024-07-18,222.2547149658203,228.46096321097224,220.36112971273346,228.3023336745397,66034600,-0.020534916775608703,228.5839050292969,227.6490005493164,4.333400428218435,1
2024-07-19,222.38360595703125,224.8522270905052,221.36245288688534,222.88923571935766,49151500,0.000579924665403686,227.34860229492188,227.44774322509767,5.146035262647093,0
2024-07-22,222.03659057617188,225.82377573784976,221.17405203421455,225.06038442573598,48201800,-0.001560435983425923,225.27852783203124,227.06505584716797,4.672608085851872,1
2024-07-23,223.07760620117188,224.9910392063895,220.7676144514488,222.44310313331528,39960300,0.004688486804353298,223.33338012695313,226.70121002197266,2.0393782172503823,0
2024-07-24,216.6631774902344,222.86942645430565,215.2652980307627,222.07629380801336,61777600,-0.028754247547164935,221.28313903808595,225.26961364746094,2.6118400384744187,0
2024-07-25,215.62217712402344,218.95332167523742,212.77681471652627,217.0497975364767,51391200,-0.0048046944490965915,219.95663146972657,224.27026824951173,3.521052822340643,1
2024-07-26,216.0881500244141,217.6050090608147,214.15488466672127,216.8217851678197,41601300,0.002161062032699057,218.69754028320312,223.0230712890625,3.561588211797026,1
2024-07-29,216.36575317382812,217.41664743865044,213.8971319294418,215.09674706599597,36311800,0.0012846754872151145,217.56337280273436,221.42095031738282,3.106281428708396,1
2024-07-30,216.92092895507812,218.43778796730905,214.2639371695869,217.3075789949067,41643800,0.0025659133809590173,216.33203735351563,219.83270874023438,0.5052144197735993,1
2024-07-31,220.1727600097656,221.89782218872546,218.7352157578384,219.53825698895486,50036300,0.014990858974981203,217.03395385742186,219.1585464477539,1.8165234157308985,0
2024-08-01,216.48471069335935,222.55214689360594,215.15622233135366,222.44309097566543,62501000,-0.01675070665527678,217.20646057128906,218.5815460205078,1.6851402728150413,1
2024-08-02,217.97183227539065,223.66254232334134,215.84030263063204,217.2679231335739,105568600,0.006869406976909964,217.58319702148438,218.14036865234374,1.579898300359184,0
2024-08-05,207.4727783203125,211.66644653820467,194.31673780556494,197.38019703112641,119548600,-0.04816702160769748,215.80460205078126,216.68398742675782,4.870978110186625,0
2024-08-06,205.4502868652344,208.18659343179937,199.34320096724198,203.53686913101606,69660500,-0.009748225629656382,213.5104736328125,214.92125549316407,6.605986720645887,1
2024-08-07,208.01806640625,211.80525225793107,204.61751548926864,205.12313014700663,63516400,0.012498301074166607,211.07953491210938,214.05674438476564,5.718159762287859,1
2024-08-08,211.47808837890625,212.36044444161047,207.0365669160157,211.27980900719393,47161100,0.016633276293891663,210.07821044921874,213.6423355102539,4.917292713169524,1
2024-08-09,214.38291931152344,214.91827509282652,210.1495861717322,210.2784745623819,42201600,0.013735848261558825,209.3604278564453,213.47181243896483,3.5483892159015116,1
2024-08-12,215.91148376464844,217.87674748817912,213.99585104906322,214.46235526228747,38028100,0.007130066415896863,211.0481689453125,213.42638549804687,4.343818220643912,1
2024-08-13,219.62364196777344,220.23902400333975,217.38044783379533,217.38044783379533,44155300,0.017192963238450876,213.88283996582032,213.6966567993164,4.40172357548591,1
2024-08-14,220.07028198242188,221.37053243582614,218.06530765715263,218.9288446755302,41960600,0.002033660905750745,216.29328308105468,213.68640899658203,3.617263174169844,1
2024-08-15,223.04795837402344,223.67327566716008,221.1025352094067,222.9288560878089,46414000,0.013530570165032119,218.6072570800781,214.34273376464844,3.4643012079596502,1
2024-08-16,224.3680877685547,225.1422830006272,221.98593577772976,222.25393109506462,44340200,0.005918589903959326,220.6042907714844,214.98235931396485,3.2941977116317775,0
2024-08-19,224.2092437744141,224.30850577318623,221.3804434072076,224.04051049270504,40687800,-0.0007079616166468794,222.2638427734375,216.656005859375,2.269891989020092,1
2024-08-20,224.82464599609375,225.47973889834265,223.7725353535306,224.0901616619868,30299000,0.0027447673937066597,223.30404357910157,218.59344177246095,1.9226676024268212,0
2024-08-21,224.71548461914065,226.28373058529078,223.37553826276908,224.8346020684513,34765500,-0.000485540081557545,224.23308410644532,220.26318359375,0.708161894590003,0
2024-08-22,222.859375,226.64102413052154,222.2340576918725,226.09511339685906,43695300,-0.008259820734145107,224.19536743164062,221.40131225585938,0.787625235357507,1
2024-08-23,225.15219116210935,226.52192810531062,222.66087229355688,223.98097823318813,38677300,0.010288174603870104,224.35218811035156,222.47823944091797,0.9005733945014494,1
2024-08-26,225.4896545410156,225.58891654674125,222.22414052811973,225.0727813784282,30602200,0.0014988234276755996,224.60827026367187,223.4360565185547,1.023430042430918,1
2024-08-27,226.33334350585935,227.14724957253156,223.21670725505913,224.31844891527626,35934600,0.0037415861342333656,224.910009765625,224.10702667236328,1.2906841020497706,0
2024-08-28,224.80479431152344,228.14971479709,224.0008084384826,226.22414704916858,38052200,-0.006753530746548386,224.92787170410156,224.58047790527343,1.2879340841122682,1
2024-08-29,228.0802459716797,231.18696212304621,227.1770283167567,228.3879521456165,51906300,0.014570203763614176,225.9720458984375,225.08370666503907,1.3078974527363183,0
2024-08-30,227.2961273193359,228.68570457235603,225.78743262658827,228.4772755570311,52990800,-0.0034379069042267396,226.4008331298828,225.3765106201172,1.3232649355602015,0
2024-09-03,221.11248779296875,227.2961293418145,219.52438650802387,226.84948058831634,50190600,-0.027205212861720063,225.52539978027343,225.06683502197265,2.7526601948089118,0
2024-09-04,219.20675659179688,220.1298295937355,215.86182100754215,220.01072730838987,43840200,-0.008618831166859464,224.10008239746094,224.50504608154296,3.8543281860517533,1
2024-09-05,220.72537231445312,223.80229748015876,219.87177059333374,219.9809527371486,36615400,0.006927777894566445,223.28419799804686,224.1060348510742,4.092282234880333,0
2024-09-06,219.1769866943359,223.56409767944487,218.13479623481732,222.28368749781316,48423000,-0.007014987012509466,221.50354614257813,223.7377960205078,3.354124287190726,1
2024-09-09,219.2663421630859,219.6236642204836,215.09759492361837,219.17701543505086,67180000,0.00040768636387267243,219.89758911132813,223.14921112060546,0.9428936792013493,0
2024-09-10,218.4722595214844,219.83206111139577,215.1174037589381,217.29111136152258,51591000,-0.0036215437069264667,219.36954345703126,222.44747161865234,0.8242600513542943,1
2024-09-11,221.00331115722656,221.4301044903715,216.26879790334314,219.81224273641337,44587100,0.011585231192673406,219.72885437011718,221.91446838378906,1.0856788432162785,1
2024-09-12,221.11248779296875,221.8866830044339,218.1844402475294,220.84449248276735,37455600,0.0004940045249570701,219.8062774658203,221.54523773193358,1.1838724550323065,0
2024-09-13,220.8444671630859,222.3730019797634,220.25886075018875,221.91643313573508,36766600,-0.001212146055422192,220.1397735595703,220.82165985107423,1.1970744242566296,0
2024-09-16,214.71047973632812,215.60377723416104,212.32832783334672,214.92882889414335,59357400,-0.027775146489081193,219.22860107421874,219.56309509277344,2.752050200907484,1
2024-09-17,215.17697143554688,215.28615358843467,212.904016801209,214.14471619981742,45519300,0.002172654542953012,218.56954345703124,218.96954345703125,3.3153803214701907,1
2024-09-18,219.04795837402344,221.05293280374121,215.92138686335736,215.9313221513165,59894900,0.017989782608479832,218.17847290039063,218.95366363525392,3.062187184713638,1
2024-09-19,227.1671142578125,228.1100580083486,222.95867118282095,223.31599325006152,66781300,0.03706565422502428,219.38939819335937,219.59783782958985,5.058742214069256,0
2024-09-20,226.50209045410156,231.355706137216,225.9264040870641,228.258925130642,318679900,-0.0029274651213652136,220.5209228515625,220.3303482055664,6.009053926833609,0
2024-09-23,224.7849273681641,227.74275012420983,224.12983453268782,225.64844919522082,54146000,-0.007581224007667364,222.5358123779297,220.88220672607423,5.209522595384363,1
2024-09-24,225.67825317382812,227.64353192764617,224.05045616714196,226.94872814757065,43556100,0.003974135704396753,224.63606872558594,221.6028060913086,3.2489811171491247,0
2024-09-25,224.6857147216797,225.59886774810047,222.35320871856098,223.25642645588798,42308700,-0.004398024347449847,225.76361999511718,221.9710464477539,1.0772814505674406,1
2024-09-26,225.8271484375,226.79985253593196,223.73284722402752,225.608784129346,36636700,0.005080134788427504,225.4956268310547,222.44251251220703,0.7611306281773388,1
2024-09-27,226.0951232910156,227.81226214161182,225.6087788258606,226.7601514881057,34026000,0.0011866370158313266,225.4142333984375,222.967578125,0.6384711934029415,1
2024-09-30,231.2663726806641,231.26637268066406,227.94129216556473,228.32838978012126,54541900,0.022872007650480697,226.7105224609375,224.6231674194336,2.6019350150550054,0
2024-10-01,224.52688598632812,227.9412778656533,222.07526286618742,227.81225543239978,63285000,-0.029141662993270256,226.4802490234375,225.55815887451172,2.7621469178123883,1
2024-10-02,225.09262084960935,225.67822726420644,221.36060293586246,224.209243584203,32880600,0.0025196753644713965,226.56163024902344,226.16262512207032,2.701382352220286,0
2024-10-03,223.9908905029297,225.12240767637772,221.65838486968212,223.46483520314058,34044200,-0.004894564479818064,226.1943786621094,225.84500274658203,2.940439470631116,1
2024-10-04,225.11251831054688,226.30358679092132,222.46238601950515,226.2043247736995,37245100,0.005007470639090572,225.99785766601562,225.70604553222657,2.9812834821534953,0
2024-10-07,220.04051208496097,224.01074997862722,219.68319006872073,222.8296017820206,39505400,-0.02253098256663355,223.752685546875,225.23160400390626,2.1260839290552127,1
2024-10-08,224.0901641845703,224.298593199742,221.58890998571715,222.63110049734397,31855700,0.01840412050143625,223.66534118652345,225.07279510498046,2.095071109626862,1
2024-10-09,227.8321228027344,228.04056698162543,223.15717559100585,223.55419337095574,33591100,0.01669845096405953,224.21324157714844,225.38743591308594,2.8009489208066793,0
2024-10-10,227.3358154296875,227.7923994519787,225.47973405841245,226.0851959438118,28183500,-0.0021783906805653563,224.8822265625,225.53830261230468,3.11627110257988,0
2024-10-11,225.85690307617188,227.7030642360917,225.64845893034402,227.59388209213523,31759200,-0.006505408532836432,225.031103515625,225.5144805908203,3.147646764661016,1
2024-10-14,229.5790252685547,230.00581860221664,226.89911753216435,226.99836439928595,39882100,0.01648000190247667,226.93880615234374,225.3457458496094,2.0743470847810914,1
2024-10-15,232.11004638671875,235.7229623804217,230.6410474142004,231.87182665313995,64751400,0.011024618277751363,228.54278259277345,226.10406188964845,2.396608317307526,0
2024-10-16,230.055419921875,230.39288648800354,228.1298522341637,229.87676649695567,34082200,-0.008851949740342313,228.98744201660156,226.600341796875,2.4376910203391153,1
2024-10-17,230.42269897460935,232.11006236609234,228.80483716826546,231.6931740173152,32993800,0.0015964807647612655,229.60481872558594,227.24352264404297,2.301937889664615,1
2024-10-18,233.25148010253903,234.4226930307779,232.26884075534687,234.4226930307779,46431500,0.01227648639009038,231.08373413085937,228.0574188232422,1.5419943089030455,1
2024-10-21,234.720458984375,235.08771628667242,232.7055644739604,232.7055644739604,36254500,0.006297833056365665,232.11202087402344,229.5254135131836,1.9484440307462465,0
2024-10-22,234.1051025390625,234.46242459274853,230.86936376892484,232.1497589598997,38846600,-0.002621656620710122,232.5110321044922,230.52690734863282,2.142548562957008,0
2024-10-23,229.04302978515625,233.39044533687328,226.0653512199268,232.33833466706656,52287000,-0.021623077408411406,232.30855407714844,230.647998046875,2.4573400007036565,0
2024-10-24,228.8544464111328,229.10258628095696,226.71051430099084,228.26882480795348,31109500,-0.0008233534729275016,231.99490356445312,230.79986114501952,2.83004446061886,1
2024-10-25,229.68820190429688,231.484732210271,227.86189602437614,228.03062932515897,38802300,0.0036431692992595632,231.2822479248047,231.18299102783203,2.8826682190985844,1
2024-10-28,231.66336059570312,232.983466430484,230.8196941830456,231.58396917060392,36087100,0.00859930407844467,230.67082824707032,231.39142456054688,2.2188896835899556,1
2024-10-29,231.93136596679688,232.5864588417728,230.59141979007921,231.36561495313973,35417200,0.001156874226483584,230.2360809326172,231.3735565185547,1.4614697229896443,0
2024-10-30,228.3879241943359,231.7328445287285,227.84201349481597,230.87924283818487,47070900,-0.015277975696345591,230.1050598144531,231.2068069458008,1.6163272121258048,0
2024-10-31,224.22914123535156,228.11997302154123,223.6931505739168,227.63361336879595,64370100,-0.01820929444345587,229.17999877929688,230.587451171875,3.127848713432217,0
2024-11-01,221.25143432617188,223.67328184782377,218.6310779402587,219.32586653780092,65276700,-0.013279749870041546,227.49264526367188,229.38744659423827,4.677119966766825,0
2024-11-04,220.35812377929688,221.13231895883285,218.0752491010658,219.34572401852256,44944500,-0.0040375356191276746,225.23159790039062,227.95121307373046,4.884840306224915,1
2024-11-05,221.7874298095703,222.28370958768312,219.49461965793014,220.14971259990074,28111300,0.006486286984840106,223.20281066894532,226.71944580078124,3.2342763027873915,0
2024-11-06,221.06283569335935,224.38791581537038,219.54422098922427,220.95365355112233,54561100,-0.0032670657522525515,221.73779296875,225.92142639160156,1.4836508287503285,1
2024-11-07,225.7874298095703,226.18446269494834,222.89909318788202,222.95864433437472,42137700,0.02137217728792984,222.04945068359376,225.6147247314453,2.151276878247455,0
2024-11-08,225.5191345214844,227.2083389148385,224.9726232043034,225.72779283046052,38328800,-0.0011882649459812322,222.90299072265626,225.19781799316405,2.562771530214948,0
2024-11-11,222.80645751953125,224.26712634517858,220.0937933412938,223.5715733715174,42005600,-0.012028589093821318,223.3926574707031,224.31212768554687,2.1566927773508513,0
2024-11-12,222.80645751953125,224.15782408060912,221.94198562097503,223.1244332571579,40398300,0.0,223.59646301269532,223.3996368408203,2.010254087638158,1
2024-11-13,223.6908264160156,225.2111120360391,221.34580821096,222.58787261698694,48566200,0.003969224708879171,224.12206115722657,222.92992706298827,1.4467943874641263,1
2024-11-14,226.7711639404297,227.41703140021204,223.57160465201176,223.59148192887395,44923900,0.013770513408025709,224.31880798339844,223.1841293334961,1.7623565358712574,0
2024-11-15,223.5715789794922,225.4793879673537,222.84621765747355,224.96268496170848,47923700,-0.014109311366316435,223.929296875,223.41614379882813,1.6418415808573728,1
2024-11-18,226.5724334716797,228.28151537171908,223.74052045447314,223.82001439888424,44633700,0.013422343331317421,224.6824920654297,224.0375747680664,1.8487470745490613,1
2024-11-19,226.8307647705078,228.6988344551977,225.22105418122663,225.53901477922054,36211800,0.0011401709151894757,225.487353515625,224.54190826416016,1.6976471372565662,1
2024-11-20,227.54620361328125,228.4702922716314,224.45594670445817,226.61216873586113,35169600,0.003154064412282276,226.25842895507813,225.19024505615235,1.5464952836082857,0
2024-11-21,227.0692596435547,228.6988476019872,224.27710117470866,227.42697481306035,42108300,-0.0020960313209054116,226.31804809570312,225.31842803955078,1.5766552951912387,1
2024-11-22,228.41065979003903,229.25526960886552,226.6121530455377,226.6121530455377,38168300,0.005907449333256487,227.2858642578125,225.60758056640626,0.7238712175153574,1
2024-11-25,231.39163208007812,231.76922452168117,228.2815130321861,229.99059491471002,90152800,0.013050933317995117,228.24970397949218,226.46609802246093,1.857375099199171,1
2024-11-26,233.56771850585935,234.07449047305911,231.84870566104107,231.84870566104107,45986200,0.00940434364985232,229.5970947265625,227.54222412109374,2.783430883545794,0
2024-11-27,233.4385681152344,234.19375305105456,232.3256831511884,232.98149686010998,33498400,-0.0005529462352551473,230.77556762695312,228.51699829101562,2.9409488896642273,1
2024-11-29,235.8233337402344,236.30028225823045,232.4846637904217,233.31932748739487,28481400,0.010215816710385184,232.52638244628906,229.4222152709961,2.784474038980481,1
2024-12-02,238.0689392089844,239.26131787624368,235.65437354492806,235.76367580720535,48137100,0.009522405748124907,234.45803833007812,230.8719512939453,2.5562410348336932,1
2024-12-03,241.1095428466797,241.21884512379424,237.38334952948236,238.2875760799829,38861000,0.01277194600773246,236.40162048339843,232.3256622314453,3.243824133005532,1
2024-12-04,241.4672393798828,242.5602620666903,239.71841824290905,241.32812877991805,44383900,0.0014835436581230876,237.9815246582031,233.7893096923828,3.4365167103394687,1
2024-12-05,241.49703979492188,242.9875169579372,240.59282850575005,242.44102079436578,40033900,0.00012341390540426822,239.5932189941406,235.18439331054688,2.5480967291539955,0
2024-12-06,241.29833984375,243.0769846168902,240.5431701206591,241.36790273028285,36870600,-0.0008227842102769278,240.68822021484374,236.6073013305664,1.472366435533944,1
2024-12-09,245.1835021972656,245.67039687977774,240.21524480725012,240.29473874492055,44649200,0.016101073700015567,242.1111328125,238.28458557128906,1.7244548046364399,1
2024-12-10,246.1970367431641,246.63424582967986,243.7824557106041,245.32261857013248,36914800,0.004133779543955773,243.12863159179688,239.76512603759767,2.3669541152378906,0
2024-12-11,244.92514038085935,249.2077755123232,244.69658964103184,246.3858091597837,45205800,-0.005166172506095634,243.8202117919922,240.90086822509767,2.2630560651155776,1
2024-12-12,246.3858337402344,247.1608807008323,244.12029436088807,245.32261935264157,32777500,0.0059638359586267065,244.7979705810547,242.19559478759766,2.054928077866198,1
2024-12-13,246.55474853515625,247.70737273801882,244.67674782957272,246.24671899982582,33155300,0.0006855702389931828,245.84925231933593,243.26873626708985,0.7422608431547121,1
2024-12-16,249.44625854492188,249.78411156803347,246.07778066556844,246.41563368868003,51694800,0.011727658976129263,246.7018035888672,244.4064682006836,1.6631909739333726,1
2024-12-17,251.8707733154297,252.21855739876366,248.19426586582333,248.49236434269267,51356400,0.009719587636433547,247.8365509033203,245.4825912475586,2.787921178512747,0
2024-12-18,246.4752655029297,252.6657103008961,246.1672359539693,250.55917390522964,56774100,-0.021421730443265674,248.14657592773438,245.98339385986327,2.4487867977125517,1
2024-12-19,248.2041931152344,250.400169527173,245.5213371883983,245.92873792847348,60882300,0.007014608986329218,248.51024780273437,246.65410919189452,2.248780094224884,1
2024-12-20,252.8743896484375,253.3811464831127,244.13025293349912,246.4653249902114,147495300,0.018815945349621277,249.77417602539063,247.81171417236328,2.620220961699216,1
2024-12-23,253.64942932128903,254.02700659111463,251.84097626600598,253.15260355822258,40858800,0.00306491959873445,250.61481018066405,248.65830688476564,3.116045605845051,1
2024-12-24,256.5608215332031,256.5707374276886,253.66927695641888,253.868019379837,23234700,0.011478016014876635,251.55281982421874,249.69468536376954,4.129686974289037,1
2024-12-26,257.3755798339844,258.44874034869076,255.99442012888886,256.55086249805703,27237100,0.0031756925937183045,253.73288269042968,250.93972930908203,3.625495268407324,0
2024-12-27,253.96739196777344,257.05766400729357,251.45345479939442,256.19316170058187,42355300,-0.013242079409434782,254.8855224609375,251.69788513183593,1.963578222562164,0
2024-12-30,250.5989227294922,251.8906728018858,249.15813098648073,250.62873106361576,35557500,-0.013263392643370064,254.43042907714843,252.10230255126953,2.679425772098909,0
2024-12-31,248.83021545410156,251.6720594492945,247.84649497663966,250.83739579916153,39480700,-0.007057920505507687,253.46658630371093,252.0406982421875,3.7021871042101617,0
2025-01-02,242.30194091796875,247.51861164989126,240.2848294479123,247.34967754084445,55740700,-0.02623585935582251,250.61481018066405,251.0838150024414,5.684114642412712,0
2025-01-03,241.8150329589844,242.62981931594805,240.3543640210219,241.81503295898438,40244100,-0.00200950911552622,247.50270080566406,250.61779174804687,5.304210264226034,1
2025-01-06,243.4446258544922,245.7598357483754,241.6560500607284,242.75900387005615,45045600,0.006739005741566828,245.3981475830078,250.14183502197267,4.033255671953886,0
2025-01-07,240.6723175048828,243.99110961427562,239.81777667580207,241.4374181829594,40856000,-0.011387839595466742,243.41282653808594,248.9216278076172,3.187730964470093,1
2025-01-08,241.15921020507812,242.16280789951685,238.52603985831155,240.3841632667122,37628900,0.0020230523611650675,241.87862548828124,247.6726058959961,1.0733515745420181,0
2025-01-10,235.3463592529297,238.63534322792128,231.52079498772144,238.48628640867517,61710900,-0.02410378997014162,240.48750915527344,245.55115966796876,3.058742281027629,0
2025-01-13,232.9119110107422,233.18020116738663,228.26162915914,232.04743903723335,49630700,-0.01034410835976085,238.706884765625,243.10479278564452,4.393115895350821,0
2025-01-14,231.7990264892578,234.62099318079112,230.99417118008773,233.25969544364762,39435300,-0.004778134860750183,236.3777648925781,240.88795623779296,4.340109085785198,1
2025-01-15,236.35987854003903,237.4429702030776,232.94171493841435,233.1503884256181,39832000,0.01967588958356803,235.51527709960936,239.46405181884765,3.64636460473697,0
2025-01-16,226.81089782714844,236.4990004602556,226.58236221549976,235.8432019589194,71759100,-0.040400176086877626,232.64561462402344,237.26212005615236,3.739028059657541,1
2025-01-17,228.5199737548828,230.8153063545454,227.02949646555186,230.6463874145182,68488300,0.007535246075507596,231.28033752441405,235.88392333984376,3.752609310886034,0
2025-01-21,221.2265625,222.99526090225285,217.98726416864307,222.57792910461188,98070400,-0.03191585897303639,228.94326782226562,233.8250762939453,5.644359857356198,1
2025-01-22,222.4090118408203,222.6971640978084,218.39465138442915,218.39465138442915,64126500,0.005344970004767413,227.0652648925781,231.7215148925781,6.007117891400062,0
2025-01-23,222.24008178710935,225.5886822440662,220.88871524000126,223.3132271476291,60234800,-0.0007595468021407425,224.24130554199218,229.87829132080077,3.215613414328621,0
2025-01-24,221.3656768798828,224.19758968028435,220.00437919561992,223.35297985225768,54697900,-0.003934505873986138,223.15226135253906,227.89893798828126,3.0453664795531177,1
2025-01-27,228.40072631835935,230.67618150163648,222.5580508531902,222.5978054024586,94863400,0.03178021786229257,223.12841186523437,227.20437469482422,2.992834444639708,1
2025-01-28,236.74740600585935,238.66516132615985,229.3447052045828,229.3844597561093,75707600,0.03654401552062425,226.2325805664062,227.58792419433593,6.509778909835322,1
2025-01-29,237.84043884277344,238.33726462451705,232.52439691334908,232.63369919180946,45486100,0.004616873550399303,229.31886596679684,228.1920654296875,7.778267704337722,0
2025-01-30,236.08164978027344,239.26133146080375,235.7040725307193,237.1547951903121,55658300,-0.007394827688081529,232.0871795654297,228.16424255371095,7.058931442943795,0
2025-01-31,234.5017547607422,245.62071750771995,231.95800933839706,245.62071750771995,100959800,-0.0066921551124439205,234.71439514160156,228.9333282470703,3.731028597583753,0
2025-02-03,226.56246948242188,230.35822543026035,224.2671369795404,228.52991033796462,73063300,-0.033855973855805965,234.34674377441405,228.73757781982422,4.5165788459903,1
2025-02-04,231.3220672607422,231.64997406812495,225.21110156992967,225.80729852188347,45067300,0.021007882678863554,233.2616760253906,229.74712829589845,4.446812528407418,0
2025-02-05,230.99417114257812,231.19289841511937,226.82083777153602,227.0791817096477,39620300,-0.0014174874107210078,231.89242248535157,230.60564422607422,3.670790099637551,1
2025-02-06,231.73941040039065,232.31573010563136,228.96711414866223,229.8216550685821,29925300,0.0032262253810402264,231.023974609375,231.55557708740236,2.854889604939785,0
2025-02-07,226.1848907470703,232.51444580894437,225.81722939017394,231.1233398047693,39707200,-0.023968817577137425,229.36060180664063,232.0374984741211,2.742686231888611,1
2025-02-10,226.45347595214844,229.3780258753388,226.00584416726187,228.36339787721977,33115600,0.0011874586502707007,229.33880310058595,231.8427734375,2.770774773346628,1
2025-02-11,231.3973388671875,233.99362125199642,226.93094812871882,227.000572314181,53718400,0.021831693659159157,229.353857421875,231.30776672363282,2.784415153534332,1
2025-02-12,235.62501525878903,235.71455375787428,229.4675472393098,229.98481838871234,45243300,0.018270203159199028,230.2800262451172,231.0862243652344,3.9799409246984547,1
2025-02-13,240.26052856445312,241.06626881430705,234.33186254170715,235.66481592241834,53614100,0.019673264744716867,231.9842498779297,231.50411224365234,6.048108227718425,1
2025-02-14,243.31439208984375,244.25939586817944,239.72336558929686,239.981993568851,40896200,0.012710633509537939,235.41015014648437,232.3853759765625,6.752296748142055,0
2025-02-18,243.18505859375,243.89131830963376,240.56887710589865,242.86673323889264,48822500,-0.0005315488943457014,238.7564666748047,234.04763488769532,5.162655874189371,1
2025-02-19,243.5829620361328,244.716969605811,241.88195827091008,243.37407429304395,32204200,0.0016362166519758858,241.19359130859374,235.2737243652344,3.3930987195400393,1
2025-02-20,244.5379180908203,245.4829218502696,243.00600383864503,243.65259654249155,32316900,0.003920455054429617,242.976171875,236.6280990600586,1.6077927966150696,0
2025-02-21,244.2593994140625,247.38289505871285,243.93113206298463,244.65729095432025,53197400,-0.00113895905768846,243.77594604492188,237.88009796142578,0.5945063960774931,1
2025-02-24,245.80125427246097,247.55199828948733,243.1353323966777,243.64264638435856,51326400,0.006312366533681502,244.2733184814453,239.84173431396485,1.0081785655243483,0
2025-02-25,245.74154663085935,248.68599549611233,243.62275227067275,246.69650753214344,48013300,-0.000242910239731442,244.78461608886718,241.77054138183593,0.9656544644332139,0
2025-02-26,239.09666442871097,243.6923767743236,237.87313357927937,243.04579925662603,44433600,-0.027040125258631975,243.88735656738282,242.54047393798828,2.7664689841054018,0
2025-02-27,236.05276489257812,241.18564780716906,235.81402085750776,238.1516754344793,41153600,-0.012730832290805183,242.19032592773436,242.5832489013672,4.392363657977421,1
2025-02-28,240.56887817382812,240.8175641664438,228.9900589647863,235.70458076540925,56833400,0.019131795737724833,241.4522216796875,242.61408386230468,4.266013136922484,0
2025-03-03,236.77891540527344,242.74737946323825,234.8690087281554,240.51914741730602,47184000,-0.01575416902354332,239.64775390625,241.96053619384764,3.8548884436576474,0
2025-03-04,234.68994140625,238.80819608105105,233.44651142335266,236.46059966619734,53798100,-0.008822466288638586,237.43743286132812,241.11102447509765,2.36952838444246,0
2025-03-05,234.50094604492188,235.30668622205877,228.02515316620742,234.18262069274581,47227600,-0.0008052980890261852,236.5182891845703,240.20282287597655,2.454813587363766,0
2025-03-06,234.09310913085935,236.60981025581015,231.93451645578955,233.20778757123546,45170400,-0.001739169589466849,236.12635803222656,239.15834197998046,2.6926369176152574,1
2025-03-07,237.81346130371097,240.10136041796665,233.5261018066448,233.87426828677374,46273600,0.015892617201183512,235.5752746582031,238.5137481689453,1.6273476960157536,0
2025-03-10,226.28436279296875,234.91874867921032,223.04150278970278,234.3019970725287,72071200,-0.04847958752014647,233.4763641357422,236.5620590209961,4.284804762995927,0
2025-03-11,219.67926025390625,224.65298022983382,216.30707871737093,222.63365113389432,76137400,-0.029189390099861323,230.47422790527344,233.9558303833008,7.369894901407764,0
2025-03-12,215.83956909179688,220.58450266635003,213.78045671174684,218.98296406915986,62547500,-0.017478623870416543,226.74195251464843,231.63012084960937,9.294767144535601,0
2025-03-13,208.57791137695312,215.70028194858565,207.3245394208188,214.81496040955514,61368300,-0.03364377414854525,221.6389129638672,228.88263549804688,11.082177230312109,1
2025-03-14,212.36788940429688,212.82546311709572,208.47843695256688,210.13965751241793,60107600,0.018170562751941066,216.54979858398437,226.06253662109376,6.820906219900463,1
2025-03-17,212.8752288818359,214.08881784956162,208.86641153353526,212.18885305172668,48073400,0.0023889651065522877,213.86797180175782,223.67216796875,4.149662466709689,0
2025-03-18,211.5720977783203,214.01915944879542,210.37840804794794,213.03437263106773,42432400,-0.0061215722954733875,212.2465393066406,221.36038360595703,2.6092882998428983,1
2025-03-19,214.10870361328125,217.6101915579757,212.6265295918345,213.0940604852241,54385400,0.01198932118931273,211.9003662109375,219.32115936279297,2.0731712142121226,0
2025-03-20,212.9747009277344,216.3468825511506,211.10457731145533,212.86527847830126,48862900,-0.005296387612504838,212.77972412109375,217.20931854248047,0.9275360940184622,1
2025-03-21,217.1227874755859,217.68978368973626,210.16952111998106,210.44804823896536,94127800,0.01947689810001907,213.73070373535157,215.14025115966797,2.0983370294313985,1
2025-03-24,219.56985473632812,220.31591279023903,217.43116105321957,219.83843988574125,44299500,0.011270430382704033,215.06962890625,214.46880035400392,3.240845463656548,1
2025-03-25,222.573974609375,222.92214108802088,218.92326587520165,219.6096416779903,34493600,0.013681841146428786,217.27000427246094,214.75827178955078,3.9333998956769864,0
2025-03-26,220.3656311035156,223.83729303324841,219.31120492080973,222.3352199198642,34466100,-0.00992184063628787,218.52138977050782,215.21087799072265,3.6621644642565023,1
2025-03-27,222.6734619140625,223.80746952519274,219.40074548587612,220.2263848697343,37094800,0.010472734786228122,220.46114196777344,216.62043304443358,2.307950784018401,0
2025-03-28,216.75469970703125,222.63364006926244,216.5358548246797,220.50488863250547,39818600,-0.02658045622569749,220.3875244140625,217.05911407470703,2.442977337258764,1
2025-03-31,220.9624938964844,224.43414081005062,215.09349507460487,215.86939419548492,65299300,0.01941270106318549,220.66605224609376,217.8678405761719,2.4055493405452038,1
2025-04-01,222.0169219970703,222.50433685640354,217.749461617725,218.65468232589998,36412700,0.004771977732473731,220.5546417236328,218.91232299804688,2.3059320423859804,1
2025-04-02,222.71322631835935,224.0063965120705,219.85831598824518,220.15674221426906,35905900,0.0031362668891437018,221.02416076660157,219.77277526855468,2.4895186339899027,0
2025-04-03,202.1220245361328,206.39942653372108,200.19221885499383,204.45966369883956,103419000,-0.0924561245087091,216.91387329101562,218.68750762939453,8.586167018179895,0
2025-04-04,187.3898773193359,198.82943318150367,186.3553350717911,192.87091122900438,125910900,-0.07288739191390436,211.04090881347656,215.71421661376954,15.76444971597535,0
2025-04-07,180.5062561035156,193.12954493623218,173.70219548773406,176.26863687444822,160466300,-0.03673422126260195,202.94966125488278,211.80785675048827,19.369158665752437,0
2025-04-08,171.51376342773438,189.33957458197378,168.32064359895526,185.71870692843436,120859500,-0.04981817733023208,192.8490295410156,206.70183563232422,20.09476713331617,1
2025-04-09,197.8048553466797,199.55559936553783,170.98654976711688,171.04623198001363,184395900,0.1532885256174954,187.8673553466797,204.4457580566406,12.488026624895815,0
2025-04-10,189.41915893554688,193.7562435722064,182.0381599544528,188.0762635840202,121880000,-0.04239378450258846,185.3267822265625,201.12032775878907,9.883612418048267,1
2025-04-11,197.1085205078125,198.49121408156802,185.0820690088969,185.12186726950821,87435900,0.040594423581418404,187.2705108642578,199.15570983886718,11.251730624684534,1
2025-04-14,201.45555114746097,211.82078139531484,200.10269875392328,210.32866545443895,101352900,0.022053996592583447,191.4603698730469,197.20501556396485,11.980102263775514,0
2025-04-15,201.0775451660156,202.44033954558066,198.74984792281177,200.7990180691496,51343900,-0.0018763741147479474,197.3731262207031,195.11107788085937,4.845382203702838,0
2025-04-16,193.2489318847656,199.64512887500646,191.35890907242805,197.31743142832593,59732400,-0.038933304436288285,196.46194152832032,192.16464843749998,5.161933164136255,1
2025-04-17,195.94468688964844,197.7849695303218,193.39814444403507,196.16353180406117,52164700,0.013949650218456622,197.7670471191406,191.54691467285153,3.490432589960831,0
2025-04-21,192.1447601318359,192.78139570274652,188.8123615658979,192.25418258208256,46742500,-0.019392854269902005,196.7742950439453,192.02240295410155,4.3295828008021635,1
2025-04-22,198.690185546875,200.53045296496776,194.93999616163734,195.0892017003565,52976400,0.034065073700412674,196.22122192382812,193.8407958984375,3.715110269142088,1
2025-04-23,203.52462768554688,206.9067512010516,201.7340854567431,204.9172632087338,52929200,0.024331559837067696,196.71063842773438,197.04188232421876,4.576199158793178,1
2025-04-24,207.27479553222656,207.73238443559362,201.87334307751462,203.81309077731203,47311000,0.018426113288234847,199.51581115722655,197.98887634277344,6.0008213581785075,1
2025-04-25,208.18002319335935,208.6475540878433,205.1162098506388,205.28531450927932,38222300,0.004367282856598154,201.96287841796874,199.86496276855468,6.6410537317260125,1
2025-04-28,209.03550720214844,210.38835967290976,206.3696005213303,208.89624364686077,38743100,0.004109347264288132,205.34102783203124,201.0576614379883,4.271461769416479,1
2025-04-29,210.0998687744141,211.1244537916441,207.27478452266,207.59310986089218,36827600,0.005091774055574039,207.62296447753906,201.92209320068358,2.517847907075932,1
2025-04-30,211.3831024169922,212.4574277707069,205.5837430092506,208.19992461631293,52286500,0.0061077317661530905,209.1946594238281,202.95264892578126,1.6085226276643054,1
2025-05-01,212.1988067626953,213.43227966302132,207.80202473083082,207.98108655162656,57365700,0.0038588909727230725,210.17946166992186,204.8476364135742,1.6461490460027897,0
2025-05-02,204.27069091796875,205.9020705063368,201.09745506032002,205.0067917796952,101010600,-0.037361736221225184,209.39759521484376,205.68023681640625,3.110404657609643,0
2025-05-05,197.8446350097656,203.02725796650907,197.1682163705072,202.03251395918386,69018500,-0.03145853122308051,207.1594207763672,206.2502243041992,6.061994849516337,0
2025-05-06,197.4666290283203,199.59538061408486,195.98447015970467,197.1682179665783,51216500,-0.0019106203280500056,204.63277282714844,206.12786865234375,7.077700091971617,0
2025-05-07,195.2185211181641,198.3917570874617,192.23428894820486,198.12317194216024,68536700,-0.01138474850772786,201.3998565673828,205.29725799560546,6.913353063508486,1
2025-05-08,196.45199584960935,198.99853803284546,193.65675249053749,196.68078271707188,50478900,0.006318430876231407,198.25049438476563,204.21497802734376,3.5160130793996327,1
2025-05-09,197.4865264892578,199.48595647897335,196.50172445806652,197.95405738682032,36453900,0.005266073450536091,196.89366149902344,203.1456283569336,1.0706651140593864,1
2025-05-12,209.95706176757812,210.4351760021984,205.93303241640405,210.1363584051843,63775800,0.06314625863349033,199.31614685058594,203.23778381347657,6.02061447676902,1
2025-05-13,212.08859252929688,212.55673652410627,208.17412935394688,209.59847136477597,51909300,0.010152222286661461,202.24053955078125,203.43665618896483,8.092364979217894,0
2025-05-14,211.4909515380859,213.0945900165101,209.74786689625498,211.59054725566685,49325800,-0.0028178837158741032,205.49502563476562,203.44744110107422,7.830205369913763,0
2025-05-15,210.61444091796875,212.11848379882832,208.71198473801002,210.11641669484823,45029500,-0.004144435559737425,208.3275146484375,203.28900451660155,6.114849131906638,0
2025-05-16,210.4252014160156,211.73003772257164,208.94109887256835,211.52086084946143,54737900,-0.0008985115224214857,210.91524963378907,203.90445556640626,0.8597853451959291,0
2025-05-19,207.9550018310547,208.65223273202483,203.45285841572866,207.0884445111699,46140500,-0.011739086232723905,210.51483764648438,204.91549224853514,1.5811560349952745,0
2025-05-20,206.04258728027344,207.64622592622177,204.2198167548668,206.84938410987283,42496600,-0.009196290225973569,209.30563659667968,205.77308807373046,2.247982464381187,0
2025-05-21,201.29144287109375,206.2218800326306,199.91690624087693,204.35927415345975,59211800,-0.023059040715290857,207.26573486328124,206.38038024902343,3.835994164135889,0
2025-05-22,200.5643310546875,201.94883789272,198.91088686006037,199.91690559460176,46742400,-0.0036122341120674584,205.255712890625,206.79161376953124,4.253041382983092,0
2025-05-23,194.49838256835935,196.91877297523902,192.6955373289648,192.9046989896,78432900,-0.030244403151994947,202.07034912109376,206.4927993774414,5.258737404274068,1
2025-05-27,199.4188690185547,199.94677348688452,196.64984031499387,197.51641281084125,56288500,0.025298341226390297,200.36312255859374,205.43898010253906,4.1365859379210885,1
2025-05-28,199.62803649902344,201.9289060786693,199.11008702875665,199.79736291846774,45339700,0.0010488851004830657,199.08021240234376,204.19292449951172,2.6692748328126945,0
2025-05-29,199.15988159179688,203.0046291598645,197.72556941325453,202.77554227533128,51396800,-0.002345136061230768,198.65390014648438,202.9598175048828,2.3826565441062306,1
2025-05-30,200.0563507080078,201.16196516975768,196.00242594876025,198.58218796001185,70819900,0.0045012535107264995,198.55230407714845,201.9040084838867,2.289853780521037,1
2025-06-02,200.90298461914065,201.3312933884623,199.3292261245183,199.4885975362889,35423300,0.004231977181112123,199.83322448730468,200.95178680419923,0.6821574726502196,1
2025-06-03,202.46678161621097,202.96480586317466,200.16591202699755,200.55437033168948,46381600,0.007783841539412029,200.44280700683595,200.40296478271483,1.300704974822318,0
2025-06-04,202.0185546875,205.42503857555045,201.30139858491114,202.10819540070028,43604000,-0.0022138294743115905,200.92091064453126,200.0005615234375,1.3641433261336586,0
2025-06-05,199.8372039794922,203.94091870107042,199.35908978394463,202.69585814733983,55126100,-0.010797774052893838,201.0563751220703,199.85513763427736,1.1645805838198773,1
2025-06-06,203.1142120361328,204.887177182899,201.25160617035465,202.19784922307906,46607700,0.016398388244948325,201.6679473876953,200.11012573242186,1.3028365688556238,0
2025-06-09,200.65396118164065,205.18598475848052,199.22961916524454,203.58234611432158,72862600,-0.012112647509148644,201.6181427001953,200.72568359375,1.3435149752514306,1
2025-06-10,201.869140625,203.54250994980842,199.77744796710627,199.8073282051838,54672600,0.006056094961710334,201.4986145019531,200.97071075439453,1.273921794352412,0
2025-06-11,197.9945068359375,203.69190510411792,197.62597377823997,202.69585666840098,60989900,-0.019193789486923962,200.6938049316406,200.80735778808594,1.9532887311310334,1
2025-06-12,198.4128570556641,198.890956077424,196.58013147350607,198.29333609984755,43904600,0.0021129385173965787,200.408935546875,200.73265533447267,2.1979850237473393,0
2025-06-13,195.6737060546875,199.57821397711425,194.92666975119658,198.94074360607502,51447300,-0.01380531000674079,198.92083435058595,200.2943908691406,2.4164128510478373,1
2025-06-16,197.6359405517578,197.90487790098294,195.78328974313985,196.52037110088898,43020700,0.010028094916962882,198.31723022460938,199.96768646240236,2.246204466656028,0
2025-06-17,194.8669281005859,197.6060614779548,194.43863454049264,196.4207613301707,38856200,-0.014010672570188398,196.91678771972656,199.20770111083985,1.5543535015664107,1
2025-06-18,195.80319213867188,196.78928550519313,194.29916455806153,195.16572178414586,45394700,0.004804632818980359,196.47852478027343,198.58616485595704,1.4817476029619931,1
2025-06-20,200.2057647705078,200.90299573747222,196.0821242533237,197.45667615855015,96813500,0.022484682623141072,196.83710632324218,198.6230209350586,2.138344968306663,1
2025-06-23,200.70376586914065,201.50060768152076,198.17380945321412,200.83325703321927,55814300,0.0024874463490283105,197.8431182861328,198.38197631835936,2.589755409568123,0
2025-06-24,199.5084991455078,202.63609053842802,199.40888822531906,201.78944331230142,54064000,-0.005955377660487704,198.2176300048828,198.2674301147461,2.685917347076043,1
2025-06-25,200.76351928710935,202.8651820841085,199.82723133036671,200.65395335177794,39525700,0.006290559785556926,199.3969482421875,198.15686798095703,2.0710504244824803,0
2025-06-26,200.2057647705078,201.8392838353224,198.6718566431861,200.63405836503767,50799100,-0.002778166663854331,200.2774627685547,198.37799377441405,0.5048691741943159,1
2025-06-27,200.2854461669922,202.41698947637084,199.20971189891864,201.09224306842364,73188600,0.00039799751308722264,200.29339904785155,198.56525268554688,0.5032953504017663,1
2025-06-30,204.3592529296875,206.57048164253425,198.4726031076903,201.211736268348,91912800,0.02034000393268065,201.02449645996094,199.43380737304688,1.917255497410598,1
2025-07-01,206.9987945556641,209.35942450018746,205.3254252695324,205.85332972802502,78788900,0.01291618357444646,202.52255554199218,200.3700927734375,3.036303648435732,1
2025-07-02,211.6005401611328,212.49697770796604,207.31752868499885,208.08449026524102,67941800,0.022230784557691008,204.68995971679686,202.0434539794922,4.814144557877708,1
2025-07-03,212.70616149902344,213.80180573654258,210.97303162710094,211.31168447150716,34955800,0.005225040243511225,207.1900390625,203.73375091552734,5.1381770677830225,0
2025-07-07,209.120361328125,215.37554414763466,207.97491173225177,211.8395692407974,50229000,-0.016857998591239265,208.95702209472657,204.62521057128907,3.3928251552044753,1
2025-07-08,209.1801300048828,210.59451698338924,207.6262968509882,209.26978591644843,42848900,0.0002858099344236198,209.92119750976562,205.47284698486328,2.2531741402360916,1
2025-07-09,210.30567932128903,210.49493096772343,206.40117103180637,208.7020406311003,48749400,0.005380765928293174,210.58257446289062,206.5525650024414,1.5594441871658222,1
2025-07-10,211.57064819335935,212.6364120977978,209.2000480941239,209.678147079363,44443600,0.00601490590341025,210.57659606933595,207.6332778930664,1.5546158303290152,0
2025-07-11,210.3255920410156,211.29176024279,209.03072603053,209.73792710960444,39765800,-0.005884824586848469,210.10048217773436,208.6452606201172,1.0077020186631547,0
2025-07-14,207.79562377929688,210.07658325197187,206.71988962428105,209.10044482334126,38840100,-0.012028817972970951,209.83553466796874,209.39627838134766,1.419736144150114,1
2025-07-15,208.28369140625,211.05270487364396,208.09443976951917,208.39325734338402,42296300,0.00234878684197648,209.6562469482422,209.7887222290039,1.5716666854288943,1
2025-07-16,209.3295440673828,211.5606828488181,207.8155461810567,209.4689902412225,47490500,0.005021289252517214,209.46101989746094,210.02179718017578,1.5309269282664124,0
2025-07-17,209.1901092529297,210.9630743588066,208.7618004967043,209.7379389650813,48068100,-0.0006661019354642361,208.984912109375,209.78075408935547,0.9829060153251439,1
2025-07-18,210.3455047607422,210.95309492429405,208.87135730762196,210.0367321724359,48974600,0.005523184207602894,208.9888946533203,209.54468841552733,0.9897130039080263,1
2025-07-21,211.6403656005859,214.92732845073886,210.7937335563828,211.2618775331451,51377400,0.006155875978032244,209.75784301757812,209.79668884277345,1.2814173979763608,1
2025-07-22,213.55279541015625,214.1006251327807,211.39137195770533,212.29777975345726,46404100,0.009036224276703031,210.81166381835936,210.23395538330078,1.8196133847127707,0
2025-07-23,213.30377197265625,214.29982043425818,211.57065737650467,214.15041924441525,46989300,-0.0011660977652936388,211.60650939941405,210.5337646484375,1.87743162905944,0
2025-07-24,212.91531372070312,214.83769515517375,212.68622683006964,213.05475989741393,46022600,-0.0018211504107996657,212.35155029296874,210.66823120117186,1.3414122693380683,1
2025-07-25,213.03485107421875,214.38947759784276,212.5567368669443,213.85160291428238,40268800,0.0005614314509685414,212.88941955566406,210.93915710449218,0.7405592594201645,1
2025-07-28,213.2041778564453,214.00101967144602,212.2180844005514,213.18425263148458,37858000,0.0007948313685424147,213.20218200683593,211.48001251220703,0.2467525672364151,0
2025-07-29,210.4351501464844,213.96115480223384,209.9869314052821,213.33363944545516,51411700,-0.01298768034379394,212.57865295410156,211.69515838623047,1.2075947661927304,0
2025-07-30,208.2239227294922,211.55072076453234,206.89917652304968,211.06265157316113,45512500,-0.010507880529716518,211.56268310546875,211.5845962524414,2.185751847119522,0
2025-07-31,206.7497711181641,209.0107900151974,206.34138763159262,207.6661338109758,80698400,-0.007079645758298336,210.32957458496094,211.34056243896484,2.8653871312735335,0
2025-08-01,201.58029174804688,212.73603143542957,200.7037642416869,210.03673342752194,104434500,-0.025003555467844718,208.03866271972657,210.46404113769532,4.354073295602093,1
2025-08-04,202.5464630126953,207.0585613783641,200.88304868853191,203.70186769022786,75109300,0.004792984751981866,205.90711975097656,209.55465087890624,3.76152066689811,0
2025-08-05,202.11814880371097,204.52858421879685,201.36115745633876,202.59624780213056,44155100,-0.0021146466969285127,204.24371948242188,208.41118621826172,3.025511949218124,1
2025-08-06,212.40733337402344,214.52892145014,204.77759854868273,204.81744899810374,108483100,0.05090678215297184,205.0804016113281,208.32154235839843,4.580318743778984,1
2025-08-07,219.16053771972656,219.97730473834642,215.7241736307253,218.01508808955717,90224800,0.03179364967503995,207.56255493164062,208.9460647583008,7.88313535231118,1
2025-08-08,228.4437255859375,230.08719950298993,218.38362983130105,219.95738825778145,113854000,0.04235793525056386,212.93524169921875,210.48695220947266,11.230341618968879,0
2025-08-11,226.5391082763672,228.91239906441297,224.1259370249458,227.2770261826339,61806100,-0.008337358816422502,217.73377075195313,211.82044525146483,10.799205403831733,1
2025-08-12,229.0021209716797,230.14888579943394,226.429412881848,227.36674823663387,55626200,0.010872350977508605,223.11056518554688,213.67714233398436,7.1601296314201335,1
2025-08-13,232.6717529296875,234.33703985510917,229.77992501054072,230.4181341091737,69878500,0.01602444528652036,227.1634490966797,216.1219253540039,4.994938068606708,0
2025-08-14,232.1233062744141,234.4567012802976,230.19875827485632,233.39969406647393,51916300,-0.0023571690519696986,229.7560028076172,218.6592788696289,2.5857563802756935,0
2025-08-15,230.9366455078125,233.6190590405621,228.69299310222902,233.33985018068216,56038700,-0.005112200001143874,230.25458679199218,221.59491424560548,2.5086580059941865,0
2025-08-18,230.23861694335935,232.4623214496413,229.46081868168693,231.04632935234682,37476200,-0.0030225976605758875,230.99448852539064,224.36412963867187,1.468984472749762,0
2025-08-19,229.90956115722656,232.2130419457167,228.70298322789472,230.62753117126795,39402600,-0.0014291945916863336,231.1759765625,227.14327087402344,1.1910615970387397,0
2025-08-20,225.3723907470703,229.81981519856654,225.13307755654054,229.33119207499826,42263900,-0.019734587754066668,229.71610412597656,228.4397766113281,2.572092272527219,0
2025-08-21,224.26551818847656,225.88095827873425,223.14868274098328,225.63166356522294,30621200,-0.004911305040181113,228.14454650878906,228.9502746582031,3.0833396176672796,1
2025-08-22,227.11746215820312,228.44371192910324,224.77410085849388,225.53195134940427,42477800,0.01271681885277487,227.38070983886718,228.8176483154297,2.6631647500103233,0
2025-08-25,226.5191650390625,228.65312729963858,225.59178073979155,225.84107546750252,30983100,-0.0026343069945183872,226.6368194580078,228.8156539916992,2.1317567798225783,1
2025-08-26,228.6630859375,228.84258604761433,224.05612439304167,226.22996704217394,54575100,0.00946463359101557,226.3875244140625,228.78175048828126,1.6779247148418193,1
2025-08-27,229.8397674560547,230.24859923631865,227.6160475796746,227.96506627689797,31259500,0.005145918125483151,227.28099975585937,228.49855194091796,2.130593821088127,1
2025-08-28,231.9039306640625,232.75153884501827,228.69301327644948,230.16884905542523,38074700,0.008980879291928812,228.80868225097657,228.47661437988282,2.1660454860870977,0
2025-08-29,231.485107421875,232.7216147258446,230.71727541448905,231.85405874294378,39418400,-0.0018060204541949787,229.68221130371094,228.53146057128907,2.194013072804982,0
2025-09-02,229.0719451904297,230.19876225122124,226.32970313085187,228.6032698757151,44075600,-0.01042469754672981,230.19276733398436,228.4147933959961,1.4421337672895513,1
2025-09-03,237.79725646972656,238.17618932549604,233.69885053091846,236.5408165177042,66427800,0.038089829254487784,232.01960144042968,229.20356292724608,3.432226492728121,1
2025-09-04,239.1035614013672,239.2232180033205,236.07214416452067,237.77731160532718,47549400,0.005493355773038333,233.8723602294922,230.5766799926758,4.341311773704687,0
2025-09-05,239.0137939453125,240.63920029193574,237.81718240373485,239.32291694518142,54870400,-0.000375433370914946,235.2943328857422,232.05150756835937,4.686084351314303,0
2025-09-08,237.2089080810547,239.47249309970456,235.67324414176576,238.62490021245955,48999500,-0.0075513878695669945,236.43909301757813,233.06065216064454,4.196443939136393,0
2025-09-09,233.6888732910156,238.1063683630383,232.70166073618753,236.33139119913957,66313900,-0.014839387013392824,237.36247863769532,233.77762298583986,2.2060260287096862,0
2025-09-10,226.1501922607422,231.76431424305812,225.31256565050364,231.53496736029473,83440800,-0.03225947784379701,235.03306579589844,233.52633361816407,5.428206804629849,1
2025-09-11,229.3810577392578,229.7998710451417,226.010588238333,226.23995033725743,50208600,0.014286370691166894,233.08856506347655,233.48046264648437,5.346320266350548,1
2025-09-12,233.40968322753903,233.84842918261825,228.373926506362,228.57335925244223,55824200,0.017563026031820916,231.96774291992188,233.63103790283202,4.273351429127299,1
2025-09-15,236.0322265625,237.5180285002954,234.3669397384463,236.33138325533858,42699500,0.011235794928029508,231.73240661621094,234.08574981689452,3.931266618489147,1
2025-09-16,237.4781494140625,240.53949594661788,235.65332541334,236.51088466190768,63421100,0.006125955224930424,232.49026184082032,234.9263702392578,4.693972322156682,1
2025-09-17,238.3157958984375,239.42266510979977,237.05934071942244,238.2958480596019,46508000,0.003527257082143187,234.9233825683594,234.9782241821289,3.6150202989408564,0
2025-09-18,237.2089080810547,240.51953392817583,235.98236714862816,239.2930082114909,44249600,-0.004644626316983702,236.48895263671875,234.78875885009765,1.90556430029336,1
2025-09-19,244.8074188232422,245.60516498271895,239.53234916144805,240.5494606794321,163741300,0.03203299068174581,238.76849975585938,235.3681213378906,3.4733991085938913,1
2025-09-22,255.35755920410156,255.9160073848096,247.42002368458668,247.5995237986898,105517400,0.04309567263758818,242.6335662841797,237.1829864501953,7.766498752932871,0
2025-09-23,253.71221923828125,256.6140134777918,252.86462630601793,255.15814081026073,60275200,-0.006443278871197333,245.88038024902343,239.18532104492186,8.436871977789593,0
2025-09-24,251.59820556640625,255.01853710208397,250.33178410429736,254.49999981420794,42303700,-0.008332328960039437,248.5368621826172,241.7301223754883,7.498488909838277,1
2025-09-25,256.14532470703125,256.4444966190252,250.99989343760635,252.49566170312627,55202100,0.018072939472633998,252.3241455078125,244.40654907226562,4.548569188647855,0
2025-09-26,254.73931884765625,256.87328100426123,253.06405044687503,253.38315498635407,46076300,-0.0054890943685314,254.3105255126953,246.53951263427734,1.7579306903029956,0
2025-09-29,253.71221923828125,254.28061851263055,252.29622703166862,253.84185736381545,40127700,-0.004031963397017835,253.98145751953126,248.30751190185546,1.6644476091240339,1
2025-09-30,253.9116668701172,255.1980209495745,252.39595068950493,254.1410137555297,37704300,0.0007861175643599783,254.02134704589844,249.95086364746095,1.658762263342841,1
2025-10-01,254.72933959960935,258.0599285933123,254.21080232618834,254.32049261064776,48713900,0.0032203038937570483,254.64757385253907,251.59221801757812,0.9584894032877133,1
2025-10-02,256.40460205078125,257.45162766856953,253.43299812845933,255.85613542550084,42630200,0.006576637201686886,254.69942932128907,253.51178741455078,1.0612790942948347,1
2025-10-03,257.2920837402344,258.5086431914624,253.23357360959045,253.9515436206674,49155600,0.0034612549164674267,255.2099822998047,254.76025390625,1.5749759765117277,0
2025-10-06,255.9658660888672,258.339156849437,254.33049322602108,257.262186546101,44664100,-0.00515452178741016,255.66071166992188,254.82108459472656,1.3448493033634603,0
2025-10-07,255.7564392089844,256.67382669789566,254.70938317067183,256.0854948355218,31955800,-0.0008181828424344006,256.0296661376953,255.02550659179687,0.9359283691327736,1
2025-10-08,257.33197021484375,257.7906639625656,255.3874592951906,255.7963062732735,36496900,0.00616027893855664,256.55019226074216,255.59888305664063,0.7338694073924416,0
2025-10-09,253.32330322265625,257.27213808351553,252.42584836214985,257.08267167133846,38322000,-0.015577803989301087,255.93393249511718,255.31668090820312,1.631486522290938,0
2025-10-10,244.57806396484375,255.6567217403356,243.3116425485481,254.2207817432353,61999100,-0.03452204809648307,253.39112854003906,254.30055541992186,5.13392901665246,1
2025-10-13,246.9613342285156,248.98560621270488,244.86725241658198,248.67648318296307,38142900,0.009744415443628807,251.59022216796876,253.6254669189453,5.566093136807023,1
2025-10-14,247.07101440429688,248.14796941642882,244.00966795095763,245.90431694508948,35478000,0.0004441188177246591,249.85313720703124,252.94140167236327,5.289237298544266,1
2025-10-15,248.63656616210935,251.1095806192417,246.77184661648403,248.78615211625979,33893600,0.006336444449330125,248.1140563964844,252.33212432861328,3.253045358651716,0
2025-10-16,246.7519073486328,248.33741809379524,244.43846029169785,247.54965348458146,39777000,-0.0075799744284102966,246.79977722167968,251.36685485839843,1.4501521650965068,1
2025-10-17,251.5782470703125,252.66518358811555,246.57242016484557,247.3203043073955,49147000,0.01955948293789933,248.19981384277344,250.79547119140625,2.031564471313346,1
2025-10-20,261.50018310546875,263.63416054313814,254.90884523128253,255.168106265739,90483000,0.039438767662544505,251.10758361816406,251.3489028930664,6.11554131373815,1
2025-10-21,262.0286865234375,264.5415968076956,261.0913359303388,261.141213133835,46695900,0.002021044160246621,254.0991180419922,251.97612762451172,7.208147973728076,0
2025-10-22,257.72088623046875,262.1084670888602,254.70938662410154,261.9090191460537,45015300,-0.01644018580608131,255.91598205566407,252.01501922607423,6.606859056965159,1
2025-10-23,258.84765625,259.8847307097371,257.2821086816683,259.2066564378435,32754900,0.004372055505519334,258.3351318359375,252.56745452880858,4.181966237402879,1
2025-10-24,262.07855224609375,263.3848541030092,258.44880663072195,260.4531458541269,38253700,0.012481843733494369,260.43519287109376,254.3175033569336,2.0162954469423564,1
2025-10-27,268.0516662597656,268.36078929414754,263.90339825112477,264.13276036080543,44888200,0.022791311850895335,261.7454895019531,256.4265365600586,4.017271016942586,1
2025-10-28,268.2411193847656,269.12862319727753,267.39351124836816,268.23113785786586,41534800,0.0007067783895675639,262.98797607421875,258.54354705810545,4.973630673473727,1
2025-10-29,268.93914794921875,270.6443152614699,266.35642794866993,268.5203194424725,51086700,0.0026022429598195895,265.23162841796875,260.5738052368164,4.51254751692592,1
2025-10-30,270.63433837890625,273.36662916750566,267.72259312931254,271.2226702585742,69886500,0.006303249053230431,267.58896484375,262.96204833984376,3.2442772511414346,0
2025-10-31,269.6072692871094,276.53767519933945,268.40069127196034,276.2085891024436,86167100,-0.0037950435186790976,269.09470825195314,264.76495056152345,1.0575832475549065,0
2025-11-03,268.29095458984375,270.08589475979994,265.49886601188945,269.65711516237894,50194600,-0.004882341269010326,269.14256591796874,265.44402770996095,1.002566814848336,1
2025-11-04,269.2781982421875,270.72408938596277,266.86501191822913,267.5730004152706,49274800,0.0036797500454424092,269.3499816894531,266.1689788818359,0.8676469092878906,1
2025-11-05,269.3779296875,270.9335263776032,266.17696342424256,267.8522167164328,43683100,0.00037036583712879434,269.4377380371094,267.3346832275391,0.8373672256688472,0
2025-11-06,269.0089416503906,272.6287059365568,267.1342708755924,267.1342708755924,51204000,-0.0013697782796735503,269.11265869140624,268.35081176757814,0.50704204479466,0
2025-11-07,267.7126159667969,271.5218466038475,266.0173996929098,269.03885049148494,48227400,-0.004818894404181151,268.7337280273438,268.9142181396484,0.7116713232373895,1
2025-11-10,268.93035888671875,273.22240319845355,266.96401085683,268.46122924118225,41312400,0.00454869456011342,268.8616088867187,269.00208740234376,0.6683472331438873,1
2025-11-11,274.73956298828125,275.3983427074405,269.2996575494418,269.3096487524697,46208300,0.02160114657791201,269.9538818359375,269.6519317626953,2.747646667933062,0
2025-11-12,272.9628601074219,275.2186787593472,271.19615348009904,274.49002155435767,48398000,-0.006466862149501096,270.6708679199219,270.05430297851564,3.0145535732946303,0
2025-11-13,272.44384765625,276.1868935731559,271.5854266195937,273.6016697208788,49602800,-0.0019014031834500011,271.35784912109375,270.23525390625,2.9313766113938695,0
2025-11-14,271.9048156738281,275.44821996704485,269.10002929321837,270.54732197227213,47431300,-0.00197850671637112,272.1962890625,270.4650085449219,2.1135524204054192,0
2025-11-17,266.9639892578125,269.98836893107386,265.237217022597,268.3214829895084,45018300,-0.018171161859606544,271.8030151367187,270.3323120117187,2.907135822625235,0
2025-11-18,266.9440612792969,270.2079864201871,264.8279974843966,269.48932037088264,45677300,-7.464669137968727e-05,270.24391479492186,270.09889831542966,3.0264626501018643,1
2025-11-19,268.06195068359375,271.7051756343288,265.00762791735707,265.0375710636542,40424500,0.0041877290655560895,269.26373291015625,269.96730041503906,2.7019634446311027,0
2025-11-20,265.7562561035156,274.91922505965954,265.42688147061517,270.327749378444,45823600,-0.008601349703672212,267.92621459960935,269.64203186035155,2.3689086843971636,1
2025-11-21,270.98651123046875,272.8230952896135,265.17732758833057,265.4568071090486,59030800,0.019680647235321702,267.7425537109375,269.96942138671875,1.9883665262587422,1
2025-11-24,275.4083251953125,276.4863089537433,270.397615191446,270.397615191446,65585800,0.016317468883471742,269.4314208984375,270.6172180175781,3.863642508336567,1
2025-11-25,276.4563903808594,279.8600705608694,274.73957871594786,274.75953066216096,46914200,0.003805495657415614,271.33388671875,270.7889007568359,4.603729224651511,1
2025-11-26,277.0352783203125,279.01161742605893,276.1170014953278,276.44637611579356,33431400,0.002093957526739132,273.12855224609376,271.196142578125,4.755877156126795,1
2025-11-28,278.3328857421875,278.4826014787427,275.4781737009374,276.7458380127342,20135600,0.0046839067924580036,275.6438781738281,271.78504638671876,2.8095143800887468,1
2025-12-01,282.57501220703125,282.89442609469603,275.62792768573877,277.4944549964911,46587700,0.01524119743713337,277.9615783691406,272.85206604003906,2.7867707733178313,1
2025-12-02,285.6592712402344,286.86701880065203,282.10587559562896,282.47518456741903,53669500,0.010914832876105063,280.011767578125,274.7215942382812,3.961797577392054,0
2025-12-03,283.623046875,288.0847586222564,282.77461708045536,285.6692634925469,43538700,-0.007128157809805358,281.4450988769531,276.3894927978516,3.6370248232971365,0
2025-12-04,280.179443359375,284.20196835267484,278.07334059490756,283.5731318378766,43989100,-0.012141479874668626,282.0739318847656,277.6012420654297,2.8761958404266994,0
2025-12-05,278.26300048828125,280.6186397013617,277.53434330937836,280.01974631085085,47265800,-0.006840055245008081,282.05995483398436,278.85191650390624,2.8990000486383387,0
2025-12-08,277.3746643066406,279.15136205700173,275.6378704438954,277.6142094762677,38211800,-0.003192433705098474,281.01988525390624,279.49073181152346,3.5318106085649608,0
2025-12-09,276.66595458984375,279.5106752769474,276.40645748061854,277.64414811825674,32193300,-0.002555062909471051,279.2212219238281,279.6164947509766,2.790681176772761,1
2025-12-10,278.26300048828125,279.2312028389952,275.92734368017386,277.23491184461454,33038300,0.005772469911612843,278.1492126464844,279.7971557617187,1.3179256131134733,0
2025-12-11,277.514404296875,279.07150890817053,273.3022288840155,278.5824273392719,33248000,-0.002690246960942222,277.6162048339844,279.845068359375,0.6723782304330944,1
2025-12-12,277.7639465332031,278.70220580092337,276.30666253778065,277.38464634485007,39532900,0.0008992046267306542,277.5163940429687,279.7881744384766,0.5835327669240777,0
2025-12-15,273.6016540527344,279.63046152672615,272.33402020742307,279.63046152672615,50409100,-0.01498499906996098,276.7617919921875,278.8908386230469,1.858764546551054,1
2025-12-16,274.1007385253906,274.9891026980292,271.2859911871425,272.3140798989353,37648600,0.0018241281266524467,276.2487487792969,277.7349853515625,2.2122373636241304,0
2025-12-17,271.33587646484375,275.6478724530811,271.13626563598973,274.50001118897205,50138700,-0.010087028861802017,274.8633239746094,276.5062683105469,2.7412620996456707,1
2025-12-18,271.68524169921875,273.12257373871984,266.4549687260805,273.1025913325419,51630700,0.001287574790797219,273.69749145507814,275.65684814453124,2.5658441277618738,1
2025-12-19,273.1625061035156,274.09077415448866,269.399477884542,271.6453053723066,144632000,0.005437411303821804,272.77720336914064,275.1467987060547,1.209310337575278,0
2025-12-22,270.4674987792969,273.37210596231955,270.00836035897595,272.3539780142796,36571800,-0.009865948891234266,272.15037231445314,274.4560821533203,1.461177305918898,1
2025-12-23,271.85491943359375,271.99467443806464,269.06012395403746,270.3377490962612,29642000,0.005129713035979311,271.7012084960937,273.9749786376953,0.9765730703274592,1
2025-12-24,273.3022155761719,274.9192064044749,271.69521595033444,271.8349404799371,17910600,0.005323781322749355,272.0944763183594,273.47890014648436,1.1695338947643283,0
2025-12-26,272.8929748535156,274.859322715931,272.35396775197984,273.65157518449314,21521800,-0.0014973926274014504,272.3360229492188,273.0167572021484,1.1884486933347582,1
2025-12-29,273.2523498535156,273.8512128461511,271.8449608988494,272.1843267483383,23715200,0.001316908213532919,272.35399169921874,272.5655975341797,1.2046376424132055,0
2025-12-30,272.5735778808594,273.5717234473003,271.77507361210075,272.304089543875,22139600,-0.0024840480713893553,272.77520751953125,272.46278991699216,0.5930548279712206,0
2025-12-31,271.3558349609375,273.17246717497864,271.24605357156486,272.553621806917,27293600,-0.00446757506501283,272.675390625,272.18829956054685,0.7944695325689032,0
2026-01-02,270.5074157714844,277.32473598417806,268.5011336129586,271.75509761912826,37838100,-0.003126592761770741,272.1164306640625,272.10545349121094,1.1477969778154538,0
2026-01-05,266.7643737792969,271.0064921177503,265.6464557026853,270.1381104139889,45647200,-0.013837114156417418,270.8907104492188,271.6133666992188,2.5396502418315365,0
2026-01-06,261.8734436035156,267.0538212812338,261.6338984265986,266.504853430471,52352100,-0.018334270451824564,268.61492919921875,270.4844604492188,4.348481131520846,0
2026-01-07,259.8471984863281,263.1909919246956,259.32817380451803,262.71190159101934,48309800,-0.007737497507594893,266.0696533203125,269.42243041992185,5.109970855473931,0
2026-01-08,258.55963134765625,258.80916773471864,255.22581364132833,256.5433578451618,50419300,-0.004955093401707855,263.5104125976562,268.0929016113281,5.0038824148045355,1
2026-01-09,258.8890075683594,259.7274461787287,255.74485516422806,258.5995368285105,39997000,0.0012738888084979916,261.1867309570313,266.6515808105469,3.374803923197661,1
2026-01-12,259.76739501953125,260.8154357257053,256.32378048041085,258.6794199598783,45263800,0.0033929113461488303,259.78733520507814,265.3390228271484,1.2913247827238268,1
2026-01-13,260.5658874511719,261.3244878277737,257.9108470550362,258.24022168851656,45730800,0.003073874731586601,259.52582397460935,264.07037658691405,0.803497590143674,0
2026-01-14,259.4779052734375,261.33447181199796,256.23393227813756,259.0087756526009,40019400,-0.004175458991876879,259.45196533203125,262.76080932617185,0.7832899589533999,0
2026-01-15,257.73114013671875,260.5559089501236,256.5732877053955,260.1666175851947,39388600,-0.0067318453757286845,259.28626708984376,261.39833984375,1.0585216713677266,0
2026-01-16,255.05613708496097,258.41988279267105,254.45724364888233,257.4217372195352,72142800,-0.010379044807463988,258.5196929931641,259.8532119750977,2.1954428948004345,0
2026-01-20,246.2425079345703,254.31750190322293,242.9685916985444,252.26132447540706,80267500,-0.034555644302943334,255.81471557617186,257.801025390625,5.741686958148427,1
2026-01-21,247.1907501220703,251.09350304772093,244.72532928784554,248.23880604127606,54641700,0.0038508468560267684,253.13968811035156,256.33275604248047,6.080463854731146,1
2026-01-22,247.8894500732422,250.53452965267718,247.68980878155546,248.737864640942,39708300,0.002826561879143208,250.8219970703125,255.13698120117186,5.206287223378431,0
2026-01-23,247.58001708984375,248.94748685874615,244.22624741136653,246.86136630134166,41689000,-0.0012482700788880585,248.7917724609375,254.0390197753906,3.556220714058157,1
2026-01-26,254.9363555908203,256.08421686766076,249.336758511775,251.01363570547153,55969200,0.0297129735567756,248.76781616210937,253.6437545776367,3.503483667881202,1
2026-01-27,257.791015625,261.46421404872183,257.73112933459527,258.68937090303496,49648300,0.011197539980376536,251.0775177001953,253.44611663818358,4.936216470443021,0
2026-01-28,255.96446228027344,258.3799575946877,254.03803333601454,257.17220993748055,41288000,-0.007085403423770176,252.83226013183594,252.98597412109376,4.765621478036284,1
2026-01-29,257.801025390625,259.16847988830324,253.93820707645818,257.52154586161765,67253000,0.007175070687510443,254.8145751953125,252.8182861328125,4.226522925374535,1
2026-01-30,258.9988098144531,261.41430490835,251.7123292610244,254.69678984095313,92443400,0.0046461584937966816,257.09833374023435,252.94505310058594,1.623669229242754,1
2026-02-02,269.5093078613281,269.98839826257677,258.7293169184304,259.5478036352127,73913400,0.04058126002356821,260.01292419433594,254.39037017822267,5.418236535169314,0
2026-02-03,268.98028564453125,271.3758289780004,267.11372779647115,268.70080609664296,64394700,-0.0019629088916998105,262.2507781982422,256.6641479492188,6.478153471054437,1
2026-02-04,275.97723388671875,278.432693698261,271.7850411492978,271.7850411492978,90545700,0.02601286642781786,266.2533325195312,259.5427963256836,7.691903243849883,0
2026-02-05,275.3983459472656,278.98168486317746,272.72332314901723,277.6142303156022,52977400,-0.002097593092373451,269.7727966308594,262.29368591308594,6.835900428773867,1
2026-02-06,277.6042175292969,280.3890519626743,276.4164219647768,276.6060720438839,50453400,0.008009748840153375,273.49387817382814,265.2961059570313,3.9666818882321953,0
2026-02-09,274.3672180175781,277.9439398399519,271.4499228389202,277.6541982366954,44623400,-0.01166048390953256,274.4654602050781,267.239192199707,3.28269418694092,0
2026-02-10,273.4280700683594,275.11651686144285,272.68876099546605,274.6369782150198,34376900,-0.003422959769044165,275.3550170898437,268.80289764404296,1.591917521404929,1
2026-02-11,275.24639892578125,279.92208361183503,274.1973776592452,274.44714753122867,51931300,0.006650117732854843,275.20885009765624,270.73109130859376,1.5535946861270844,0
2026-02-12,261.4891052246094,275.46621856633783,259.94051360693726,275.3363333447182,81077200,-0.04998173910671744,272.427001953125,271.0998992919922,6.307866537177334,0
2026-02-13,255.5445556640625,261.9886306947134,255.21485759663088,261.7688319830923,56290700,-0.022733450234726726,268.01506958007815,270.7544738769531,8.944892624601414,1
2026-02-17,263.6371154785156,266.0449008431299,255.30478047881587,257.8124646511843,58469100,0.03166790148756515,265.8690490722656,270.16725463867186,8.304126813009757,1
2026-02-18,264.106689453125,266.57441720150126,262.20844437502524,263.35737977838915,34203300,0.0017811375828364895,264.00477294921876,269.6798950195313,7.148838615453006,0
2026-02-19,260.3401184082031,264.2365527856389,259.81060750150084,262.35827847824623,30845300,-0.014261551090285374,261.0235168457031,268.1161834716797,3.429273710768951,1
2026-02-20,264.3364562988281,264.5063132392292,257.9223826043077,258.73163460792017,42070500,0.015350449692731916,261.5929870605469,267.00999450683594,3.7475654226114883,1
2026-02-23,265.9349670410156,269.1819753311392,263.13755670993424,263.24744081710827,37308200,0.006047257970275721,263.6710693359375,265.8430694580078,2.0526887527924815,1
2026-02-24,271.8895263671875,274.6369951599546,267.46358073991865,267.61343657617186,47014600,0.02239103564464129,265.32155151367186,265.5953002929688,4.206410300907943,1
2026-02-25,273.97760009765625,274.6869380517792,270.8005039088116,271.5298429675081,33714300,0.007679860855135612,267.2957336425781,265.65025329589844,5.5843500595417455,0
2026-02-26,272.6987609863281,275.8558253670768,270.55071567552415,274.6969199809464,32345100,-0.0046676776162442035,269.7674621582031,265.39548950195314,4.330264837855981,0
2026-02-27,263.93682861328125,272.5588900215503,262.6480379442022,272.5588900215503,72366500,-0.03213044438249635,269.6875366210937,265.6402618408203,4.4573898387138815,1
2026-03-02,264.476318359375,266.2846497598317,259.960490133898,262.16844722421786,41827900,0.0020440108677830526,269.39580688476565,266.53343811035154,4.799030704729137,0
2026-03-03,263.5072326660156,265.31556422164516,259.8905695547566,263.23749216234586,38568900,-0.003664168116717992,267.71934814453124,266.52044982910155,5.160593055887758,0
2026-03-04,262.2783508300781,265.9050144519466,261.179387723623,264.4063951364299,39803100,-0.0046635601744375865,265.37949829101564,266.3376159667969,4.171064922055743,0
2026-03-05,260.0504150390625,261.3192350446657,257.01320478174756,260.54995479568396,49658600,-0.008494547048829904,262.8498291015625,266.3086456298828,1.7622798585161994,0
2026-03-06,257.2229919433594,258.53178361058343,254.13584003818684,258.39192833924307,41120000,-0.010872595974432131,261.50706176757814,265.59729919433596,2.9106326245040193,1
2026-03-09,259.6407775878906,260.9095975388004,253.44647267699952,255.45463216869055,38218500,0.009399570490431275,260.5399536132812,264.96788024902344,2.443213566196872,1
2026-03-10,260.58990478515625,262.2384104290217,256.71350175461305,257.4128391437035,30590800,0.0036555398041986376,259.95648803710935,263.8379180908203,1.8284392162498369,0
2026-03-11,260.5699157714844,261.888707997661,259.3110658747261,260.8496568052655,26218900,-7.670678451010549e-05,259.61480102539065,262.4971496582031,1.394117691958119,0
2026-03-12,255.52456665039065,258.71164792954545,253.94601921584928,258.4219063383753,40794000,-0.01936274610273281,258.7096313476562,260.77973022460935,2.2482133741149775,0
2026-03-13,249.8897705078125,256.0940459350445,249.29033192864068,255.24483747003174,36930000,-0.022051876328148534,257.24298706054685,259.3750244140625,4.610923841635371,1
2026-03-16,252.58729553222656,253.6563027081548,249.6499992581203,251.87794235419486,32074200,0.010794859745288043,255.83229064941406,258.18612213134764,4.770173400029211,1
2026-03-17,253.99598693847656,254.89516767044782,251.94787083452104,252.72716690012706,32361600,0.005577047742174601,254.5135070800781,257.23499755859376,3.97049699678207,0
2026-03-18,249.70994567871097,254.70534343896443,248.7708084606242,252.3974721128864,35757900,-0.0168744447950816,252.34151306152344,255.97815704345703,2.5429171939918898,0
2026-03-19,248.73085021972656,251.5982036354298,247.0723745163624,249.17043241392184,34864100,-0.003920930967820424,250.98276977539064,254.84620056152343,2.210195174723017,0
2026-03-20,247.76173400878903,248.97061168291066,245.77356028907465,247.7517334570195,88331100,-0.0038962445152317393,250.55716247558593,253.90007476806642,2.636975871336367,1
2026-03-23,251.25851440429688,254.3656523266213,250.0496214753341,253.73622734962268,40546100,0.014113480475494988,250.29140625,253.06184844970704,2.4408958103068366,1
2026-03-24,251.4083709716797,254.5954370944537,249.32029842391177,250.1195650925759,45152300,0.0005964238375686381,249.7738830566406,252.14369506835936,1.5824372231476471,1
2026-03-25,252.3874664306641,254.76528059453105,251.3684162845015,253.86611511385965,28476700,0.0038944425565474727,250.30938720703125,251.32545013427733,1.9627364093314024,1
2026-03-26,252.6572265625,256.76344411909713,250.53918279672283,251.88793104116345,41796700,0.0010688333127271132,251.09466247558595,251.0387161254883,1.9587381928068806,0
2026-03-27,248.57098388671875,255.2548282141602,247.8416601166152,253.666280215245,47900000,-0.016173068672430957,251.2565124511719,250.9068374633789,1.618346811871394,0
2026-03-30,246.40298461914065,250.63907198816298,245.28400520065438,249.83982057534305,39446200,-0.008721851736991582,250.28540649414063,250.2884063720703,2.707290163777922,1
2026-03-31,253.5563812255859,255.24482803058763,246.87255213324852,247.6818040942864,49598100,0.029031290418426225,250.7150085449219,250.24444580078125,3.075431554648734,1
2026-04-01,255.3946990966797,255.94418062939917,253.096813183035,253.8461228128272,40059400,0.007250134515282669,251.316455078125,250.81292114257812,3.7123717354420585,1
2026-04-02,255.68443298339844,255.89424639361263,250.4192795609811,253.96601496217014,31289400,0.0011344553655323608,251.9218963623047,251.5082794189453,4.200463744431509,1
2026-04-06,258.6217041015625,261.9186847371787,256.2239194053331,256.27389167390277,29329900,0.011487876222620041,253.93204040527343,252.59427642822266,4.583421119363297,0
2026-04-07,253.26666259765625,255.96418954301222,245.47383916108728,255.92421782448065,62148000,-0.0207060792616357,255.30477600097657,252.7950912475586,2.1427218757529003,1
2026-04-08,258.66168212890625,259.51090582044134,256.29386854025813,258.2121146377317,41032800,0.021301735790709264,256.3258361816406,253.52042236328126,2.311068105105843,1
2026-04-09,260.2502136230469,260.879638597066,255.8342992320816,258.7615948993736,28121600,0.006141348347641795,257.29693908691405,254.30669708251952,2.7920718523269707,0
2026-04-10,260.240234375,261.94865175168746,258.78155637925676,259.7406946341393,31291500,-3.834482173115106e-05,258.2080993652344,255.06499786376952,2.8763869206556802,0
2026-04-13,258.96142578125,259.9405042051452,256.4237552437805,259.49093671136296,36234700,-0.004913954203973225,258.2760437011719,256.10404205322266,2.8925661840526744,0
2026-04-14,258.59173583984375,261.68888841493145,256.9532612999924,259.01136264890187,48370700,-0.00142758690909639,259.3410583496094,257.32291717529296,0.8369943243128497,1
2026-04-15,266.18475341796875,266.3146386359468,257.57269269729437,257.92237663273806,49913500,0.02936295529114541,260.8456726074219,258.58575439453125,3.076423565241543,0
2026-04-16,263.15753173828125,266.91408037974617,261.0294875448873,266.55439590858066,43323100,-0.011372633634406881,261.42713623046876,259.3620376586914,3.2076919009361267,1
2026-04-17,269.98126220703125,272.0493335842862,266.47448343207725,266.7142527536172,61436200,0.02593021154924191,263.375341796875,260.7917205810547,4.846234617949015,1
2026-04-20,272.79864501953125,274.0275237795767,270.04120633500696,270.08114756253855,36590200,0.010435475371396441,266.1427856445313,262.20941467285155,5.589414586347803,0
2026-04-21,265.9250183105469,272.5488901425708,265.1557075406741,271.250098918132,50209800,-0.025196703995697067,267.60944213867185,263.4752502441406,3.782852256306253,1
2026-04-22,272.9185791015625,273.48803128351057,266.62435952726383,267.5734973129919,43249200,0.026298995241013978,268.9562072753906,264.90093994140625,4.310690212848538,1
2026-04-23,273.1783142089844,275.5161566987003,271.39995382845746,274.79681820267325,33399600,0.0009516944880663125,270.9603637695312,266.19375,3.1002634224204355,0
2026-04-24,270.81048583984375,272.80864483253174,269.4017800912603,272.50893317942314,38157100,-0.008667702544387201,271.12620849609374,267.2507751464844,3.056666252270062,0
2026-04-27,267.3636474609375,268.1129570778125,264.8260075108844,265.84505761361925,41466800,-0.012727861582674027,270.039208984375,268.09099731445315,3.272033627464395,1
2026-04-28,270.4608154296875,272.97851539952296,268.4127145556596,272.0893199684016,40018900,0.011584102768505522,270.9463684082031,269.2779052734375,2.343144907487848,0
2026-04-29,269.92132568359375,270.7905199823619,266.7942019267937,267.3037117460274,30047900,-0.001994705758897597,270.3469177246094,269.6515625,2.0812078336817663,1
2026-04-30,271.1002502441406,275.7459641951834,267.893213328058,270.25102650288807,91848200,0.004367659937802859,269.9313049316406,270.4458343505859,1.5010611290658062,1
2026-05-01,279.88214111328125,286.95561044034525,278.1137509144006,278.6032901046287,79915400,0.03239351812191993,271.7456359863281,271.43592224121096,4.764449963459876,0
2026-05-04,276.5751647949219,280.3716851917065,274.60697695873915,279.4025768563376,46668400,-0.011815603186417278,273.587939453125,271.81357421875,4.414522867048438,1
2026-05-05,283.9184265136719,284.30808218316156,276.2455026895375,276.6750995896243,49311700,0.026550690927708454,276.2794616699219,273.6129150390625,5.8879250930906215,1
2026-05-06,287.245361328125,287.76487170009636,280.8112868075762,281.66051049385584,58336100,0.011717924952267644,279.7442687988281,275.04559326171875,6.294268573431027,0
2026-05-07,287.1754150390625,291.8611003514943,285.5169394038565,289.00371711581823,45224300,-0.00024350711440246364,282.9593017578125,276.44530334472654,4.671508335942326,1
2026-05-08,293.0500183105469,294.4886952888782,289.7330669166447,289.7430674686918,52692800,0.020456497888878378,285.59287719726564,278.66925659179685,6.020112238780028,0
2026-05-11,292.67999267578125,293.8800048828125,290.2300109863281,291.9800109863281,42247300,-0.0012626705737772692,288.8138427734375,281.2008911132813,3.937066740926758,1
2026-05-12,294.79998779296875,295.2699890136719,292.55999755859375,292.55999755859375,45748100,0.007243389265544797,290.9901550292969,283.6348083496094,3.54221451755498,1
2026-05-13,298.8699951171875,300.9200134277344,293.5,293.5,52684300,0.013805995565634221,293.31508178710936,286.52967529296876,4.219926319082417,0
2026-05-14,298.2099914550781,300.45001220703125,295.3800048828125,299.82000732421875,35324900,-0.00220833028705536,295.5219970703125,289.2406494140625,2.8785139437851326,1
2026-05-15,300.2300109863281,303.20001220703125,296.5199890136719,297.8999938964844,54862800,0.0067738157309671365,296.95799560546874,291.2754364013672,3.1179972409413557,0
2026-05-18,297.8399963378906,300.6600036621094,294.9100036621094,300.239990234375,34483000,-0.007960612067346995,297.9899963378906,293.40191955566405,2.002443247950684,1
2026-05-19,298.9700012207031,300.510009765625,296.3500061035156,296.9700012207031,42243600,0.003793999787491842,298.8239990234375,294.9070770263672,0.9145447639697566,1
2026-05-20,302.25,302.79998779296875,298.0799865722656,298.17999267578125,38229800,0.0109709963070026,299.5,296.4075408935547,1.788578272708359,1
2026-05-21,304.989990234375,305.5400085449219,300.3999938964844,301.05999755859375,42965100,0.009065310949131433,300.8559997558594,298.1889984130859,2.831882897849309,1
2026-05-22,308.82000732421875,311.3999938964844,305.8399963378906,306.1199951171875,43670200,0.012557845216167651,302.5739990234375,299.7659973144531,4.4820249380396335,0
2026-05-26,308.3299865722656,311.82000732421875,307.6700134277344,309.55999755859375,48000500,-0.001586751960143129,304.6719970703125,301.33099670410155,4.155322562475727,1
2026-05-27,310.8500061035156,313.260009765625,308.29998779296875,308.3299865722656,50430900,0.008173125031610828,307.047998046875,302.9359985351563,3.4093605755011587,1
2026-05-28,312.510009765625,312.79998779296875,309.57000732421875,310.67999267578125,48220400,0.005340207912225559,309.1,304.3,2.8396383931289595,0
2026-05-29,312.05999755859375,315.0,309.5299987792969,311.7799987792969,69982800,-0.001439992937726231,310.5140014648438,305.68500061035155,1.8792677679999898,0
2026-06-01,306.30999755859375,310.92999267578125,305.0299987792969,309.625,44170581,-0.018425943872925732,310.0119995117187,306.2929992675781,2.630142214118913,0
