Date,Close,High,Low,Open,Volume
,AAPL,AAPL,AAPL,AAPL,AAPL
2024-06-03,192.3636474609375,193.31540952983562,190.86662095571478,191.24334718637152,50080500
2024-06-04,192.68089294433594,193.64256361833955,191.37222208281784,192.96839571544555,47471400
2024-06-05,194.18785095214844,195.20900403542353,193.19643901671662,193.72188613227584,54156800
2024-06-06,192.80979919433594,194.8124556459051,192.5024638984892,194.0094143560484,41181800
2024-06-07,195.1990966796875,195.24867030234284,192.47271383884646,192.97832848334124,53103900
2024-06-10,191.4614715576172,195.60558138834554,190.49980075281104,195.20900753042525,97010200
2024-06-11,205.3709716796875,205.38089548057218,191.96709351098235,191.98691085726122,172373300
2024-06-12,211.24012756347656,218.30888368086454,205.1231032111954,205.5890679852297,198134300
2024-06-13,212.4001007080078,214.888539245905,209.7827737762817,212.8958066808934,97862700
2024-06-14,210.66514587402344,213.32212283006638,209.48536314811375,212.01346682824212,70122700
2024-06-17,214.8092041015625,217.06962191331422,210.89313031273133,211.53754196526575,93728300
2024-06-18,212.44964599609375,216.7523850703462,211.17073132176122,215.7213082393038,79943300
2024-06-20,207.87924194335938,212.4000929584359,207.05638337080816,212.0927425591543,86172500
2024-06-21,205.70806884765625,210.07027533194446,205.33132746963062,208.58315742215362,241805100
2024-06-24,206.35244750976562,210.87328281107088,204.8157562235364,205.93605637703942,80727000
2024-06-25,207.27450561523438,209.5646648210329,206.81844945769743,207.35380525957078,55549700
2024-06-26,211.41860961914062,213.0147835489249,208.83102368645302,209.68363861405976,66213200
2024-06-27,212.26132202148438,213.88723714823547,210.52635096614495,212.84625148948237,49772700
2024-06-28,208.81117248535156,214.21437951883613,208.4939285392998,213.91695291908772,82542700
2024-07-01,214.88853454589844,215.64200216221636,210.10001313722785,210.26855134899324,60402900
2024-07-02,218.37832641601562,218.48738234159504,213.2527281692765,214.29369867156123,58046200
2024-07-03,219.6473388671875,219.6473388671875,217.14897630904898,218.1106471909744,37369800
2024-07-05,224.39617919921875,224.50523511983306,219.74645469045154,219.74645469045154,60412400
2024-07-08,225.86346435546875,225.89320550199054,221.3327047505454,225.13972278278513,59085900
2024-07-09,226.716064453125,227.42988222637766,224.4259054004998,225.9725055332989,48076100
2024-07-10,230.97914123535156,231.07828847688273,227.28117906796422,227.3307526887298,62627700
2024-07-11,225.61563110351562,230.39422897123262,223.83108651749725,229.40281699319425,64710600
2024-07-12,228.56011962890625,230.64209091466597,226.71609267309665,226.95403700304678,53046500
2024-07-15,232.386962890625,235.1926606193721,231.0882156126273,234.44910163171727,62631300
2024-07-16,232.8033447265625,234.24088892580107,230.3347237014565,232.98179160349451,43234300
2024-07-17,226.9143829345703,229.47222770464353,224.6936146131452,227.4794799069808,57345900
2024-07-18,222.2547149658203,228.46096321097224,220.36112971273346,228.3023336745397,66034600
2024-07-19,222.38360595703125,224.8522270905052,221.36245288688534,222.88923571935766,49151500
2024-07-22,222.03659057617188,225.82377573784976,221.17405203421455,225.06038442573598,48201800
2024-07-23,223.07760620117188,224.9910392063895,220.7676144514488,222.44310313331528,39960300
2024-07-24,216.66317749023438,222.86942645430565,215.2652980307627,222.07629380801336,61777600
2024-07-25,215.62217712402344,218.95332167523742,212.77681471652627,217.0497975364767,51391200
2024-07-26,216.08815002441406,217.6050090608147,214.15488466672127,216.8217851678197,41601300
2024-07-29,216.36575317382812,217.41664743865044,213.8971319294418,215.09674706599597,36311800
2024-07-30,216.92092895507812,218.43778796730905,214.2639371695869,217.3075789949067,41643800
2024-07-31,220.17276000976562,221.89782218872546,218.7352157578384,219.53825698895486,50036300
2024-08-01,216.48471069335938,222.55214689360594,215.15622233135366,222.44309097566543,62501000
2024-08-02,217.97183227539062,223.66254232334134,215.84030263063204,217.2679231335739,105568600
2024-08-05,207.4727783203125,211.66644653820467,194.31673780556494,197.38019703112641,119548600
2024-08-06,205.45028686523438,208.18659343179937,199.34320096724198,203.53686913101606,69660500
2024-08-07,208.01806640625,211.80525225793107,204.61751548926864,205.12313014700663,63516400
2024-08-08,211.47808837890625,212.36044444161047,207.0365669160157,211.27980900719393,47161100
2024-08-09,214.38291931152344,214.91827509282652,210.1495861717322,210.2784745623819,42201600
2024-08-12,215.91148376464844,217.87674748817912,213.99585104906322,214.46235526228747,38028100
2024-08-13,219.62364196777344,220.23902400333975,217.38044783379533,217.38044783379533,44155300
2024-08-14,220.07028198242188,221.37053243582614,218.06530765715263,218.9288446755302,41960600
2024-08-15,223.04795837402344,223.67327566716008,221.1025352094067,222.9288560878089,46414000
2024-08-16,224.3680877685547,225.1422830006272,221.98593577772976,222.25393109506462,44340200
2024-08-19,224.20924377441406,224.30850577318623,221.3804434072076,224.04051049270504,40687800
2024-08-20,224.82464599609375,225.47973889834265,223.7725353535306,224.0901616619868,30299000
2024-08-21,224.71548461914062,226.28373058529078,223.37553826276908,224.8346020684513,34765500
2024-08-22,222.859375,226.64102413052154,222.2340576918725,226.09511339685906,43695300
2024-08-23,225.15219116210938,226.52192810531062,222.66087229355688,223.98097823318813,38677300
2024-08-26,225.48965454101562,225.58891654674125,222.22414052811973,225.0727813784282,30602200
2024-08-27,226.33334350585938,227.14724957253156,223.21670725505913,224.31844891527626,35934600
2024-08-28,224.80479431152344,228.14971479709,224.0008084384826,226.22414704916858,38052200
2024-08-29,228.0802459716797,231.18696212304621,227.1770283167567,228.3879521456165,51906300
2024-08-30,227.29612731933594,228.68570457235603,225.78743262658827,228.4772755570311,52990800
2024-09-03,221.11248779296875,227.2961293418145,219.52438650802387,226.84948058831634,50190600
2024-09-04,219.20675659179688,220.1298295937355,215.86182100754215,220.01072730838987,43840200
2024-09-05,220.72537231445312,223.80229748015876,219.87177059333374,219.9809527371486,36615400
2024-09-06,219.17698669433594,223.56409767944487,218.13479623481732,222.28368749781316,48423000
2024-09-09,219.26634216308594,219.6236642204836,215.09759492361837,219.17701543505086,67180000
2024-09-10,218.47225952148438,219.83206111139577,215.1174037589381,217.29111136152258,51591000
2024-09-11,221.00331115722656,221.4301044903715,216.26879790334314,219.81224273641337,44587100
2024-09-12,221.11248779296875,221.8866830044339,218.1844402475294,220.84449248276735,37455600
2024-09-13,220.84446716308594,222.3730019797634,220.25886075018875,221.91643313573508,36766600
2024-09-16,214.71047973632812,215.60377723416104,212.32832783334672,214.92882889414335,59357400
2024-09-17,215.17697143554688,215.28615358843467,212.904016801209,214.14471619981742,45519300
2024-09-18,219.04795837402344,221.05293280374121,215.92138686335736,215.9313221513165,59894900
2024-09-19,227.1671142578125,228.1100580083486,222.95867118282095,223.31599325006152,66781300
2024-09-20,226.50209045410156,231.355706137216,225.9264040870641,228.258925130642,318679900
2024-09-23,224.78492736816406,227.74275012420983,224.12983453268782,225.64844919522082,54146000
2024-09-24,225.67825317382812,227.64353192764617,224.05045616714196,226.94872814757065,43556100
2024-09-25,224.6857147216797,225.59886774810047,222.35320871856098,223.25642645588798,42308700
2024-09-26,225.8271484375,226.79985253593196,223.73284722402752,225.608784129346,36636700
2024-09-27,226.09512329101562,227.81226214161182,225.6087788258606,226.7601514881057,34026000
2024-09-30,231.26637268066406,231.26637268066406,227.94129216556473,228.32838978012126,54541900
2024-10-01,224.52688598632812,227.9412778656533,222.07526286618742,227.81225543239978,63285000
2024-10-02,225.09262084960938,225.67822726420644,221.36060293586246,224.209243584203,32880600
2024-10-03,223.9908905029297,225.12240767637772,221.65838486968212,223.46483520314058,34044200
2024-10-04,225.11251831054688,226.30358679092132,222.46238601950515,226.2043247736995,37245100
2024-10-07,220.04051208496094,224.01074997862722,219.68319006872073,222.8296017820206,39505400
2024-10-08,224.0901641845703,224.298593199742,221.58890998571715,222.63110049734397,31855700
2024-10-09,227.83212280273438,228.04056698162543,223.15717559100585,223.55419337095574,33591100
2024-10-10,227.3358154296875,227.7923994519787,225.47973405841245,226.0851959438118,28183500
2024-10-11,225.85690307617188,227.7030642360917,225.64845893034402,227.59388209213523,31759200
2024-10-14,229.5790252685547,230.00581860221664,226.89911753216435,226.99836439928595,39882100
2024-10-15,232.11004638671875,235.7229623804217,230.6410474142004,231.87182665313995,64751400
2024-10-16,230.055419921875,230.39288648800354,228.1298522341637,229.87676649695567,34082200
2024-10-17,230.42269897460938,232.11006236609234,228.80483716826546,231.6931740173152,32993800
2024-10-18,233.25148010253906,234.4226930307779,232.26884075534687,234.4226930307779,46431500
2024-10-21,234.720458984375,235.08771628667242,232.7055644739604,232.7055644739604,36254500
2024-10-22,234.1051025390625,234.46242459274853,230.86936376892484,232.1497589598997,38846600
2024-10-23,229.04302978515625,233.39044533687328,226.0653512199268,232.33833466706656,52287000
2024-10-24,228.8544464111328,229.10258628095696,226.71051430099084,228.26882480795348,31109500
2024-10-25,229.68820190429688,231.484732210271,227.86189602437614,228.03062932515897,38802300
2024-10-28,231.66336059570312,232.983466430484,230.8196941830456,231.58396917060392,36087100
2024-10-29,231.93136596679688,232.5864588417728,230.59141979007921,231.36561495313973,35417200
2024-10-30,228.38792419433594,231.7328445287285,227.84201349481597,230.87924283818487,47070900
2024-10-31,224.22914123535156,228.11997302154123,223.6931505739168,227.63361336879595,64370100
2024-11-01,221.25143432617188,223.67328184782377,218.6310779402587,219.32586653780092,65276700
2024-11-04,220.35812377929688,221.13231895883285,218.0752491010658,219.34572401852256,44944500
2024-11-05,221.7874298095703,222.28370958768312,219.49461965793014,220.14971259990074,28111300
2024-11-06,221.06283569335938,224.38791581537038,219.54422098922427,220.95365355112233,54561100
2024-11-07,225.7874298095703,226.18446269494834,222.89909318788202,222.95864433437472,42137700
2024-11-08,225.51913452148438,227.2083389148385,224.9726232043034,225.72779283046052,38328800
2024-11-11,222.80645751953125,224.26712634517858,220.0937933412938,223.5715733715174,42005600
2024-11-12,222.80645751953125,224.15782408060912,221.94198562097503,223.1244332571579,40398300
2024-11-13,223.69082641601562,225.2111120360391,221.34580821096,222.58787261698694,48566200
2024-11-14,226.7711639404297,227.41703140021204,223.57160465201176,223.59148192887395,44923900
2024-11-15,223.5715789794922,225.4793879673537,222.84621765747355,224.96268496170848,47923700
2024-11-18,226.5724334716797,228.28151537171908,223.74052045447314,223.82001439888424,44633700
2024-11-19,226.8307647705078,228.6988344551977,225.22105418122663,225.53901477922054,36211800
2024-11-20,227.54620361328125,228.4702922716314,224.45594670445817,226.61216873586113,35169600
2024-11-21,227.0692596435547,228.6988476019872,224.27710117470866,227.42697481306035,42108300
2024-11-22,228.41065979003906,229.25526960886552,226.6121530455377,226.6121530455377,38168300
2024-11-25,231.39163208007812,231.76922452168117,228.2815130321861,229.99059491471002,90152800
2024-11-26,233.56771850585938,234.07449047305911,231.84870566104107,231.84870566104107,45986200
2024-11-27,233.43856811523438,234.19375305105456,232.3256831511884,232.98149686010998,33498400
2024-11-29,235.82333374023438,236.30028225823045,232.4846637904217,233.31932748739487,28481400
2024-12-02,238.06893920898438,239.26131787624368,235.65437354492806,235.76367580720535,48137100
2024-12-03,241.1095428466797,241.21884512379424,237.38334952948236,238.2875760799829,38861000
2024-12-04,241.4672393798828,242.5602620666903,239.71841824290905,241.32812877991805,44383900
2024-12-05,241.49703979492188,242.9875169579372,240.59282850575005,242.44102079436578,40033900
2024-12-06,241.29833984375,243.0769846168902,240.5431701206591,241.36790273028285,36870600
2024-12-09,245.18350219726562,245.67039687977774,240.21524480725012,240.29473874492055,44649200
2024-12-10,246.19703674316406,246.63424582967986,243.7824557106041,245.32261857013248,36914800
2024-12-11,244.92514038085938,249.2077755123232,244.69658964103184,246.3858091597837,45205800
2024-12-12,246.38583374023438,247.1608807008323,244.12029436088807,245.32261935264157,32777500
2024-12-13,246.55474853515625,247.70737273801882,244.67674782957272,246.24671899982582,33155300
2024-12-16,249.44625854492188,249.78411156803347,246.07778066556844,246.41563368868003,51694800
2024-12-17,251.8707733154297,252.21855739876366,248.19426586582333,248.49236434269267,51356400
2024-12-18,246.4752655029297,252.6657103008961,246.1672359539693,250.55917390522964,56774100
2024-12-19,248.20419311523438,250.400169527173,245.5213371883983,245.92873792847348,60882300
2024-12-20,252.8743896484375,253.3811464831127,244.13025293349912,246.4653249902114,147495300
2024-12-23,253.64942932128906,254.02700659111463,251.84097626600598,253.15260355822258,40858800
2024-12-24,256.5608215332031,256.5707374276886,253.66927695641888,253.868019379837,23234700
2024-12-26,257.3755798339844,258.44874034869076,255.99442012888886,256.55086249805703,27237100
2024-12-27,253.96739196777344,257.05766400729357,251.45345479939442,256.19316170058187,42355300
2024-12-30,250.5989227294922,251.8906728018858,249.15813098648073,250.62873106361576,35557500
2024-12-31,248.83021545410156,251.6720594492945,247.84649497663966,250.83739579916153,39480700
2025-01-02,242.30194091796875,247.51861164989126,240.2848294479123,247.34967754084445,55740700
2025-01-03,241.81503295898438,242.62981931594805,240.3543640210219,241.81503295898438,40244100
2025-01-06,243.4446258544922,245.7598357483754,241.6560500607284,242.75900387005615,45045600
2025-01-07,240.6723175048828,243.99110961427562,239.81777667580207,241.4374181829594,40856000
2025-01-08,241.15921020507812,242.16280789951685,238.52603985831155,240.3841632667122,37628900
2025-01-10,235.3463592529297,238.63534322792128,231.52079498772144,238.48628640867517,61710900
2025-01-13,232.9119110107422,233.18020116738663,228.26162915914,232.04743903723335,49630700
2025-01-14,231.7990264892578,234.62099318079112,230.99417118008773,233.25969544364762,39435300
2025-01-15,236.35987854003906,237.4429702030776,232.94171493841435,233.1503884256181,39832000
2025-01-16,226.81089782714844,236.4990004602556,226.58236221549976,235.8432019589194,71759100
2025-01-17,228.5199737548828,230.8153063545454,227.02949646555186,230.6463874145182,68488300
2025-01-21,221.2265625,222.99526090225285,217.98726416864307,222.57792910461188,98070400
2025-01-22,222.4090118408203,222.6971640978084,218.39465138442915,218.39465138442915,64126500
2025-01-23,222.24008178710938,225.5886822440662,220.88871524000126,223.3132271476291,60234800
2025-01-24,221.3656768798828,224.19758968028435,220.00437919561992,223.35297985225768,54697900
2025-01-27,228.40072631835938,230.67618150163648,222.5580508531902,222.5978054024586,94863400
2025-01-28,236.74740600585938,238.66516132615985,229.3447052045828,229.3844597561093,75707600
2025-01-29,237.84043884277344,238.33726462451705,232.52439691334908,232.63369919180946,45486100
2025-01-30,236.08164978027344,239.26133146080375,235.7040725307193,237.1547951903121,55658300
2025-01-31,234.5017547607422,245.62071750771995,231.95800933839706,245.62071750771995,100959800
2025-02-03,226.56246948242188,230.35822543026035,224.2671369795404,228.52991033796462,73063300
2025-02-04,231.3220672607422,231.64997406812495,225.21110156992967,225.80729852188347,45067300
2025-02-05,230.99417114257812,231.19289841511937,226.82083777153602,227.0791817096477,39620300
2025-02-06,231.73941040039062,232.31573010563136,228.96711414866223,229.8216550685821,29925300
2025-02-07,226.1848907470703,232.51444580894437,225.81722939017394,231.1233398047693,39707200
2025-02-10,226.45347595214844,229.3780258753388,226.00584416726187,228.36339787721977,33115600
2025-02-11,231.3973388671875,233.99362125199642,226.93094812871882,227.000572314181,53718400
2025-02-12,235.62501525878906,235.71455375787428,229.4675472393098,229.98481838871234,45243300
2025-02-13,240.26052856445312,241.06626881430705,234.33186254170715,235.66481592241834,53614100
2025-02-14,243.31439208984375,244.25939586817944,239.72336558929686,239.981993568851,40896200
2025-02-18,243.18505859375,243.89131830963376,240.56887710589865,242.86673323889264,48822500
2025-02-19,243.5829620361328,244.716969605811,241.88195827091008,243.37407429304395,32204200
2025-02-20,244.5379180908203,245.4829218502696,243.00600383864503,243.65259654249155,32316900
2025-02-21,244.2593994140625,247.38289505871285,243.93113206298463,244.65729095432025,53197400
2025-02-24,245.80125427246094,247.55199828948733,243.1353323966777,243.64264638435856,51326400
2025-02-25,245.74154663085938,248.68599549611233,243.62275227067275,246.69650753214344,48013300
2025-02-26,239.09666442871094,243.6923767743236,237.87313357927937,243.04579925662603,44433600
2025-02-27,236.05276489257812,241.18564780716906,235.81402085750776,238.1516754344793,41153600
2025-02-28,240.56887817382812,240.8175641664438,228.9900589647863,235.70458076540925,56833400
2025-03-03,236.77891540527344,242.74737946323825,234.8690087281554,240.51914741730602,47184000
2025-03-04,234.68994140625,238.80819608105105,233.44651142335266,236.46059966619734,53798100
2025-03-05,234.50094604492188,235.30668622205877,228.02515316620742,234.18262069274581,47227600
2025-03-06,234.09310913085938,236.60981025581015,231.93451645578955,233.20778757123546,45170400
2025-03-07,237.81346130371094,240.10136041796665,233.5261018066448,233.87426828677374,46273600
2025-03-10,226.28436279296875,234.91874867921032,223.04150278970278,234.3019970725287,72071200
2025-03-11,219.67926025390625,224.65298022983382,216.30707871737093,222.63365113389432,76137400
2025-03-12,215.83956909179688,220.58450266635003,213.78045671174684,218.98296406915986,62547500
2025-03-13,208.57791137695312,215.70028194858565,207.3245394208188,214.81496040955514,61368300
2025-03-14,212.36788940429688,212.82546311709572,208.47843695256688,210.13965751241793,60107600
2025-03-17,212.87522888183594,214.08881784956162,208.86641153353526,212.18885305172668,48073400
2025-03-18,211.5720977783203,214.01915944879542,210.37840804794794,213.03437263106773,42432400
2025-03-19,214.10870361328125,217.6101915579757,212.6265295918345,213.0940604852241,54385400
2025-03-20,212.97470092773438,216.3468825511506,211.10457731145533,212.86527847830126,48862900
2025-03-21,217.12278747558594,217.68978368973626,210.16952111998106,210.44804823896536,94127800
2025-03-24,219.56985473632812,220.31591279023903,217.43116105321957,219.83843988574125,44299500
2025-03-25,222.573974609375,222.92214108802088,218.92326587520165,219.6096416779903,34493600
2025-03-26,220.36563110351562,223.83729303324841,219.31120492080973,222.3352199198642,34466100
2025-03-27,222.6734619140625,223.80746952519274,219.40074548587612,220.2263848697343,37094800
2025-03-28,216.75469970703125,222.63364006926244,216.5358548246797,220.50488863250547,39818600
2025-03-31,220.96249389648438,224.43414081005062,215.09349507460487,215.86939419548492,65299300
2025-04-01,222.0169219970703,222.50433685640354,217.749461617725,218.65468232589998,36412700
2025-04-02,222.71322631835938,224.0063965120705,219.85831598824518,220.15674221426906,35905900
2025-04-03,202.1220245361328,206.39942653372108,200.19221885499383,204.45966369883956,103419000
2025-04-04,187.38987731933594,198.82943318150367,186.3553350717911,192.87091122900438,125910900
2025-04-07,180.50625610351562,193.12954493623218,173.70219548773406,176.26863687444822,160466300
2025-04-08,171.51376342773438,189.33957458197378,168.32064359895526,185.71870692843436,120859500
2025-04-09,197.8048553466797,199.55559936553783,170.98654976711688,171.04623198001363,184395900
2025-04-10,189.41915893554688,193.7562435722064,182.0381599544528,188.0762635840202,121880000
2025-04-11,197.1085205078125,198.49121408156802,185.0820690088969,185.12186726950821,87435900
2025-04-14,201.45555114746094,211.82078139531484,200.10269875392328,210.32866545443895,101352900
2025-04-15,201.07754516601562,202.44033954558066,198.74984792281177,200.7990180691496,51343900
2025-04-16,193.24893188476562,199.64512887500646,191.35890907242805,197.31743142832593,59732400
2025-04-17,195.94468688964844,197.7849695303218,193.39814444403507,196.16353180406117,52164700
2025-04-21,192.14476013183594,192.78139570274652,188.8123615658979,192.25418258208256,46742500
2025-04-22,198.690185546875,200.53045296496776,194.93999616163734,195.0892017003565,52976400
2025-04-23,203.52462768554688,206.9067512010516,201.7340854567431,204.9172632087338,52929200
2025-04-24,207.27479553222656,207.73238443559362,201.87334307751462,203.81309077731203,47311000
2025-04-25,208.18002319335938,208.6475540878433,205.1162098506388,205.28531450927932,38222300
2025-04-28,209.03550720214844,210.38835967290976,206.3696005213303,208.89624364686077,38743100
2025-04-29,210.09986877441406,211.1244537916441,207.27478452266,207.59310986089218,36827600
2025-04-30,211.3831024169922,212.4574277707069,205.5837430092506,208.19992461631293,52286500
2025-05-01,212.1988067626953,213.43227966302132,207.80202473083082,207.98108655162656,57365700
2025-05-02,204.27069091796875,205.9020705063368,201.09745506032002,205.0067917796952,101010600
2025-05-05,197.84463500976562,203.02725796650907,197.1682163705072,202.03251395918386,69018500
2025-05-06,197.4666290283203,199.59538061408486,195.98447015970467,197.1682179665783,51216500
2025-05-07,195.21852111816406,198.3917570874617,192.23428894820486,198.12317194216024,68536700
2025-05-08,196.45199584960938,198.99853803284546,193.65675249053749,196.68078271707188,50478900
2025-05-09,197.4865264892578,199.48595647897335,196.50172445806652,197.95405738682032,36453900
2025-05-12,209.95706176757812,210.4351760021984,205.93303241640405,210.1363584051843,63775800
2025-05-13,212.08859252929688,212.55673652410627,208.17412935394688,209.59847136477597,51909300
2025-05-14,211.49095153808594,213.0945900165101,209.74786689625498,211.59054725566685,49325800
2025-05-15,210.61444091796875,212.11848379882832,208.71198473801002,210.11641669484823,45029500
2025-05-16,210.42520141601562,211.73003772257164,208.94109887256835,211.52086084946143,54737900
2025-05-19,207.9550018310547,208.65223273202483,203.45285841572866,207.0884445111699,46140500
2025-05-20,206.04258728027344,207.64622592622177,204.2198167548668,206.84938410987283,42496600
2025-05-21,201.29144287109375,206.2218800326306,199.91690624087693,204.35927415345975,59211800
2025-05-22,200.5643310546875,201.94883789272,198.91088686006037,199.91690559460176,46742400
2025-05-23,194.49838256835938,196.91877297523902,192.6955373289648,192.9046989896,78432900
2025-05-27,199.4188690185547,199.94677348688452,196.64984031499387,197.51641281084125,56288500
2025-05-28,199.62803649902344,201.9289060786693,199.11008702875665,199.79736291846774,45339700
2025-05-29,199.15988159179688,203.0046291598645,197.72556941325453,202.77554227533128,51396800
2025-05-30,200.0563507080078,201.16196516975768,196.00242594876025,198.58218796001185,70819900
2025-06-02,200.90298461914062,201.3312933884623,199.3292261245183,199.4885975362889,35423300
2025-06-03,202.46678161621094,202.96480586317466,200.16591202699755,200.55437033168948,46381600
2025-06-04,202.0185546875,205.42503857555045,201.30139858491114,202.10819540070028,43604000
2025-06-05,199.8372039794922,203.94091870107042,199.35908978394463,202.69585814733983,55126100
2025-06-06,203.1142120361328,204.887177182899,201.25160617035465,202.19784922307906,46607700
2025-06-09,200.65396118164062,205.18598475848052,199.22961916524454,203.58234611432158,72862600
2025-06-10,201.869140625,203.54250994980842,199.77744796710627,199.8073282051838,54672600
2025-06-11,197.9945068359375,203.69190510411792,197.62597377823997,202.69585666840098,60989900
2025-06-12,198.41285705566406,198.890956077424,196.58013147350607,198.29333609984755,43904600
2025-06-13,195.6737060546875,199.57821397711425,194.92666975119658,198.94074360607502,51447300
2025-06-16,197.6359405517578,197.90487790098294,195.78328974313985,196.52037110088898,43020700
2025-06-17,194.86692810058594,197.6060614779548,194.43863454049264,196.4207613301707,38856200
2025-06-18,195.80319213867188,196.78928550519313,194.29916455806153,195.16572178414586,45394700
2025-06-20,200.2057647705078,200.90299573747222,196.0821242533237,197.45667615855015,96813500
2025-06-23,200.70376586914062,201.50060768152076,198.17380945321412,200.83325703321927,55814300
2025-06-24,199.5084991455078,202.63609053842802,199.40888822531906,201.78944331230142,54064000
2025-06-25,200.76351928710938,202.8651820841085,199.82723133036671,200.65395335177794,39525700
2025-06-26,200.2057647705078,201.8392838353224,198.6718566431861,200.63405836503767,50799100
2025-06-27,200.2854461669922,202.41698947637084,199.20971189891864,201.09224306842364,73188600
2025-06-30,204.3592529296875,206.57048164253425,198.4726031076903,201.211736268348,91912800
2025-07-01,206.99879455566406,209.35942450018746,205.3254252695324,205.85332972802502,78788900
2025-07-02,211.6005401611328,212.49697770796604,207.31752868499885,208.08449026524102,67941800
2025-07-03,212.70616149902344,213.80180573654258,210.97303162710094,211.31168447150716,34955800
2025-07-07,209.120361328125,215.37554414763466,207.97491173225177,211.8395692407974,50229000
2025-07-08,209.1801300048828,210.59451698338924,207.6262968509882,209.26978591644843,42848900
2025-07-09,210.30567932128906,210.49493096772343,206.40117103180637,208.7020406311003,48749400
2025-07-10,211.57064819335938,212.6364120977978,209.2000480941239,209.678147079363,44443600
2025-07-11,210.32559204101562,211.29176024279,209.03072603053,209.73792710960444,39765800
2025-07-14,207.79562377929688,210.07658325197187,206.71988962428105,209.10044482334126,38840100
2025-07-15,208.28369140625,211.05270487364396,208.09443976951917,208.39325734338402,42296300
2025-07-16,209.3295440673828,211.5606828488181,207.8155461810567,209.4689902412225,47490500
2025-07-17,209.1901092529297,210.9630743588066,208.7618004967043,209.7379389650813,48068100
2025-07-18,210.3455047607422,210.95309492429405,208.87135730762196,210.0367321724359,48974600
2025-07-21,211.64036560058594,214.92732845073886,210.7937335563828,211.2618775331451,51377400
2025-07-22,213.55279541015625,214.1006251327807,211.39137195770533,212.29777975345726,46404100
2025-07-23,213.30377197265625,214.29982043425818,211.57065737650467,214.15041924441525,46989300
2025-07-24,212.91531372070312,214.83769515517375,212.68622683006964,213.05475989741393,46022600
2025-07-25,213.03485107421875,214.38947759784276,212.5567368669443,213.85160291428238,40268800
2025-07-28,213.2041778564453,214.00101967144602,212.2180844005514,213.18425263148458,37858000
2025-07-29,210.43515014648438,213.96115480223384,209.9869314052821,213.33363944545516,51411700
2025-07-30,208.2239227294922,211.55072076453234,206.89917652304968,211.06265157316113,45512500
2025-07-31,206.74977111816406,209.0107900151974,206.34138763159262,207.6661338109758,80698400
2025-08-01,201.58029174804688,212.73603143542957,200.7037642416869,210.03673342752194,104434500
2025-08-04,202.5464630126953,207.0585613783641,200.88304868853191,203.70186769022786,75109300
2025-08-05,202.11814880371094,204.52858421879685,201.36115745633876,202.59624780213056,44155100
2025-08-06,212.40733337402344,214.52892145014,204.77759854868273,204.81744899810374,108483100
2025-08-07,219.16053771972656,219.97730473834642,215.7241736307253,218.01508808955717,90224800
2025-08-08,228.4437255859375,230.08719950298993,218.38362983130105,219.95738825778145,113854000
2025-08-11,226.5391082763672,228.91239906441297,224.1259370249458,227.2770261826339,61806100
2025-08-12,229.0021209716797,230.14888579943394,226.429412881848,227.36674823663387,55626200
2025-08-13,232.6717529296875,234.33703985510917,229.77992501054072,230.4181341091737,69878500
2025-08-14,232.12330627441406,234.4567012802976,230.19875827485632,233.39969406647393,51916300
2025-08-15,230.9366455078125,233.6190590405621,228.69299310222902,233.33985018068216,56038700
2025-08-18,230.23861694335938,232.4623214496413,229.46081868168693,231.04632935234682,37476200
2025-08-19,229.90956115722656,232.2130419457167,228.70298322789472,230.62753117126795,39402600
2025-08-20,225.3723907470703,229.81981519856654,225.13307755654054,229.33119207499826,42263900
2025-08-21,224.26551818847656,225.88095827873425,223.14868274098328,225.63166356522294,30621200
2025-08-22,227.11746215820312,228.44371192910324,224.77410085849388,225.53195134940427,42477800
2025-08-25,226.5191650390625,228.65312729963858,225.59178073979155,225.84107546750252,30983100
2025-08-26,228.6630859375,228.84258604761433,224.05612439304167,226.22996704217394,54575100
2025-08-27,229.8397674560547,230.24859923631865,227.6160475796746,227.96506627689797,31259500
2025-08-28,231.9039306640625,232.75153884501827,228.69301327644948,230.16884905542523,38074700
2025-08-29,231.485107421875,232.7216147258446,230.71727541448905,231.85405874294378,39418400
2025-09-02,229.0719451904297,230.19876225122124,226.32970313085187,228.6032698757151,44075600
2025-09-03,237.79725646972656,238.17618932549604,233.69885053091846,236.5408165177042,66427800
2025-09-04,239.1035614013672,239.2232180033205,236.07214416452067,237.77731160532718,47549400
2025-09-05,239.0137939453125,240.63920029193574,237.81718240373485,239.32291694518142,54870400
2025-09-08,237.2089080810547,239.47249309970456,235.67324414176576,238.62490021245955,48999500
2025-09-09,233.68887329101562,238.1063683630383,232.70166073618753,236.33139119913957,66313900
2025-09-10,226.1501922607422,231.76431424305812,225.31256565050364,231.53496736029473,83440800
2025-09-11,229.3810577392578,229.7998710451417,226.010588238333,226.23995033725743,50208600
2025-09-12,233.40968322753906,233.84842918261825,228.373926506362,228.57335925244223,55824200
2025-09-15,236.0322265625,237.5180285002954,234.3669397384463,236.33138325533858,42699500
2025-09-16,237.4781494140625,240.53949594661788,235.65332541334,236.51088466190768,63421100
2025-09-17,238.3157958984375,239.42266510979977,237.05934071942244,238.2958480596019,46508000
2025-09-18,237.2089080810547,240.51953392817583,235.98236714862816,239.2930082114909,44249600
2025-09-19,244.8074188232422,245.60516498271895,239.53234916144805,240.5494606794321,163741300
2025-09-22,255.35755920410156,255.9160073848096,247.42002368458668,247.5995237986898,105517400
2025-09-23,253.71221923828125,256.6140134777918,252.86462630601793,255.15814081026073,60275200
2025-09-24,251.59820556640625,255.01853710208397,250.33178410429736,254.49999981420794,42303700
2025-09-25,256.14532470703125,256.4444966190252,250.99989343760635,252.49566170312627,55202100
2025-09-26,254.73931884765625,256.87328100426123,253.06405044687503,253.38315498635407,46076300
2025-09-29,253.71221923828125,254.28061851263055,252.29622703166862,253.84185736381545,40127700
2025-09-30,253.9116668701172,255.1980209495745,252.39595068950493,254.1410137555297,37704300
2025-10-01,254.72933959960938,258.0599285933123,254.21080232618834,254.32049261064776,48713900
2025-10-02,256.40460205078125,257.45162766856953,253.43299812845933,255.85613542550084,42630200
2025-10-03,257.2920837402344,258.5086431914624,253.23357360959045,253.9515436206674,49155600
2025-10-06,255.9658660888672,258.339156849437,254.33049322602108,257.262186546101,44664100
2025-10-07,255.75643920898438,256.67382669789566,254.70938317067183,256.0854948355218,31955800
2025-10-08,257.33197021484375,257.7906639625656,255.3874592951906,255.7963062732735,36496900
2025-10-09,253.32330322265625,257.27213808351553,252.42584836214985,257.08267167133846,38322000
2025-10-10,244.57806396484375,255.6567217403356,243.3116425485481,254.2207817432353,61999100
2025-10-13,246.96133422851562,248.98560621270488,244.86725241658198,248.67648318296307,38142900
2025-10-14,247.07101440429688,248.14796941642882,244.00966795095763,245.90431694508948,35478000
2025-10-15,248.63656616210938,251.1095806192417,246.77184661648403,248.78615211625979,33893600
2025-10-16,246.7519073486328,248.33741809379524,244.43846029169785,247.54965348458146,39777000
2025-10-17,251.5782470703125,252.66518358811555,246.57242016484557,247.3203043073955,49147000
2025-10-20,261.50018310546875,263.63416054313814,254.90884523128253,255.168106265739,90483000
2025-10-21,262.0286865234375,264.5415968076956,261.0913359303388,261.141213133835,46695900
2025-10-22,257.72088623046875,262.1084670888602,254.70938662410154,261.9090191460537,45015300
2025-10-23,258.84765625,259.8847307097371,257.2821086816683,259.2066564378435,32754900
2025-10-24,262.07855224609375,263.3848541030092,258.44880663072195,260.4531458541269,38253700
2025-10-27,268.0516662597656,268.36078929414754,263.90339825112477,264.13276036080543,44888200
2025-10-28,268.2411193847656,269.12862319727753,267.39351124836816,268.23113785786586,41534800
2025-10-29,268.93914794921875,270.6443152614699,266.35642794866993,268.5203194424725,51086700
2025-10-30,270.63433837890625,273.36662916750566,267.72259312931254,271.2226702585742,69886500
2025-10-31,269.6072692871094,276.53767519933945,268.40069127196034,276.2085891024436,86167100
2025-11-03,268.29095458984375,270.08589475979994,265.49886601188945,269.65711516237894,50194600
2025-11-04,269.2781982421875,270.72408938596277,266.86501191822913,267.5730004152706,49274800
2025-11-05,269.3779296875,270.9335263776032,266.17696342424256,267.8522167164328,43683100
2025-11-06,269.0089416503906,272.6287059365568,267.1342708755924,267.1342708755924,51204000
2025-11-07,267.7126159667969,271.5218466038475,266.0173996929098,269.03885049148494,48227400
2025-11-10,268.93035888671875,273.22240319845355,266.96401085683,268.46122924118225,41312400
2025-11-11,274.73956298828125,275.3983427074405,269.2996575494418,269.3096487524697,46208300
2025-11-12,272.9628601074219,275.2186787593472,271.19615348009904,274.49002155435767,48398000
2025-11-13,272.44384765625,276.1868935731559,271.5854266195937,273.6016697208788,49602800
2025-11-14,271.9048156738281,275.44821996704485,269.10002929321837,270.54732197227213,47431300
2025-11-17,266.9639892578125,269.98836893107386,265.237217022597,268.3214829895084,45018300
2025-11-18,266.9440612792969,270.2079864201871,264.8279974843966,269.48932037088264,45677300
2025-11-19,268.06195068359375,271.7051756343288,265.00762791735707,265.0375710636542,40424500
2025-11-20,265.7562561035156,274.91922505965954,265.42688147061517,270.327749378444,45823600
2025-11-21,270.98651123046875,272.8230952896135,265.17732758833057,265.4568071090486,59030800
2025-11-24,275.4083251953125,276.4863089537433,270.397615191446,270.397615191446,65585800
2025-11-25,276.4563903808594,279.8600705608694,274.73957871594786,274.75953066216096,46914200
2025-11-26,277.0352783203125,279.01161742605893,276.1170014953278,276.44637611579356,33431400
2025-11-28,278.3328857421875,278.4826014787427,275.4781737009374,276.7458380127342,20135600
2025-12-01,282.57501220703125,282.89442609469603,275.62792768573877,277.4944549964911,46587700
2025-12-02,285.6592712402344,286.86701880065203,282.10587559562896,282.47518456741903,53669500
2025-12-03,283.623046875,288.0847586222564,282.77461708045536,285.6692634925469,43538700
2025-12-04,280.179443359375,284.20196835267484,278.07334059490756,283.5731318378766,43989100
2025-12-05,278.26300048828125,280.6186397013617,277.53434330937836,280.01974631085085,47265800
2025-12-08,277.3746643066406,279.15136205700173,275.6378704438954,277.6142094762677,38211800
2025-12-09,276.66595458984375,279.5106752769474,276.40645748061854,277.64414811825674,32193300
2025-12-10,278.26300048828125,279.2312028389952,275.92734368017386,277.23491184461454,33038300
2025-12-11,277.514404296875,279.07150890817053,273.3022288840155,278.5824273392719,33248000
2025-12-12,277.7639465332031,278.70220580092337,276.30666253778065,277.38464634485007,39532900
2025-12-15,273.6016540527344,279.63046152672615,272.33402020742307,279.63046152672615,50409100
2025-12-16,274.1007385253906,274.9891026980292,271.2859911871425,272.3140798989353,37648600
2025-12-17,271.33587646484375,275.6478724530811,271.13626563598973,274.50001118897205,50138700
2025-12-18,271.68524169921875,273.12257373871984,266.4549687260805,273.1025913325419,51630700
2025-12-19,273.1625061035156,274.09077415448866,269.399477884542,271.6453053723066,144632000
2025-12-22,270.4674987792969,273.37210596231955,270.00836035897595,272.3539780142796,36571800
2025-12-23,271.85491943359375,271.99467443806464,269.06012395403746,270.3377490962612,29642000
2025-12-24,273.3022155761719,274.9192064044749,271.69521595033444,271.8349404799371,17910600
2025-12-26,272.8929748535156,274.859322715931,272.35396775197984,273.65157518449314,21521800
2025-12-29,273.2523498535156,273.8512128461511,271.8449608988494,272.1843267483383,23715200
2025-12-30,272.5735778808594,273.5717234473003,271.77507361210075,272.304089543875,22139600
2025-12-31,271.3558349609375,273.17246717497864,271.24605357156486,272.553621806917,27293600
2026-01-02,270.5074157714844,277.32473598417806,268.5011336129586,271.75509761912826,37838100
2026-01-05,266.7643737792969,271.0064921177503,265.6464557026853,270.1381104139889,45647200
2026-01-06,261.8734436035156,267.0538212812338,261.6338984265986,266.504853430471,52352100
2026-01-07,259.8471984863281,263.1909919246956,259.32817380451803,262.71190159101934,48309800
2026-01-08,258.55963134765625,258.80916773471864,255.22581364132833,256.5433578451618,50419300
2026-01-09,258.8890075683594,259.7274461787287,255.74485516422806,258.5995368285105,39997000
2026-01-12,259.76739501953125,260.8154357257053,256.32378048041085,258.6794199598783,45263800
2026-01-13,260.5658874511719,261.3244878277737,257.9108470550362,258.24022168851656,45730800
2026-01-14,259.4779052734375,261.33447181199796,256.23393227813756,259.0087756526009,40019400
2026-01-15,257.73114013671875,260.5559089501236,256.5732877053955,260.1666175851947,39388600
2026-01-16,255.05613708496094,258.41988279267105,254.45724364888233,257.4217372195352,72142800
2026-01-20,246.2425079345703,254.31750190322293,242.9685916985444,252.26132447540706,80267500
2026-01-21,247.1907501220703,251.09350304772093,244.72532928784554,248.23880604127606,54641700
2026-01-22,247.8894500732422,250.53452965267718,247.68980878155546,248.737864640942,39708300
2026-01-23,247.58001708984375,248.94748685874615,244.22624741136653,246.86136630134166,41689000
2026-01-26,254.9363555908203,256.08421686766076,249.336758511775,251.01363570547153,55969200
2026-01-27,257.791015625,261.46421404872183,257.73112933459527,258.68937090303496,49648300
2026-01-28,255.96446228027344,258.3799575946877,254.03803333601454,257.17220993748055,41288000
2026-01-29,257.801025390625,259.16847988830324,253.93820707645818,257.52154586161765,67253000
2026-01-30,258.9988098144531,261.41430490835,251.7123292610244,254.69678984095313,92443400
2026-02-02,269.5093078613281,269.98839826257677,258.7293169184304,259.5478036352127,73913400
2026-02-03,268.98028564453125,271.3758289780004,267.11372779647115,268.70080609664296,64394700
2026-02-04,275.97723388671875,278.432693698261,271.7850411492978,271.7850411492978,90545700
2026-02-05,275.3983459472656,278.98168486317746,272.72332314901723,277.6142303156022,52977400
2026-02-06,277.6042175292969,280.3890519626743,276.4164219647768,276.6060720438839,50453400
2026-02-09,274.3672180175781,277.9439398399519,271.4499228389202,277.6541982366954,44623400
2026-02-10,273.4280700683594,275.11651686144285,272.68876099546605,274.6369782150198,34376900
2026-02-11,275.24639892578125,279.92208361183503,274.1973776592452,274.44714753122867,51931300
2026-02-12,261.4891052246094,275.46621856633783,259.94051360693726,275.3363333447182,81077200
2026-02-13,255.5445556640625,261.9886306947134,255.21485759663088,261.7688319830923,56290700
2026-02-17,263.6371154785156,266.0449008431299,255.30478047881587,257.8124646511843,58469100
2026-02-18,264.106689453125,266.57441720150126,262.20844437502524,263.35737977838915,34203300
2026-02-19,260.3401184082031,264.2365527856389,259.81060750150084,262.35827847824623,30845300
2026-02-20,264.3364562988281,264.5063132392292,257.9223826043077,258.73163460792017,42070500
2026-02-23,265.9349670410156,269.1819753311392,263.13755670993424,263.24744081710827,37308200
2026-02-24,271.8895263671875,274.6369951599546,267.46358073991865,267.61343657617186,47014600
2026-02-25,273.97760009765625,274.6869380517792,270.8005039088116,271.5298429675081,33714300
2026-02-26,272.6987609863281,275.8558253670768,270.55071567552415,274.6969199809464,32345100
2026-02-27,263.93682861328125,272.5588900215503,262.6480379442022,272.5588900215503,72366500
2026-03-02,264.476318359375,266.2846497598317,259.960490133898,262.16844722421786,41827900
2026-03-03,263.5072326660156,265.31556422164516,259.8905695547566,263.23749216234586,38568900
2026-03-04,262.2783508300781,265.9050144519466,261.179387723623,264.4063951364299,39803100
2026-03-05,260.0504150390625,261.3192350446657,257.01320478174756,260.54995479568396,49658600
2026-03-06,257.2229919433594,258.53178361058343,254.13584003818684,258.39192833924307,41120000
2026-03-09,259.6407775878906,260.9095975388004,253.44647267699952,255.45463216869055,38218500
2026-03-10,260.58990478515625,262.2384104290217,256.71350175461305,257.4128391437035,30590800
2026-03-11,260.5699157714844,261.888707997661,259.3110658747261,260.8496568052655,26218900
2026-03-12,255.52456665039062,258.71164792954545,253.94601921584928,258.4219063383753,40794000
2026-03-13,249.8897705078125,256.0940459350445,249.29033192864068,255.24483747003174,36930000
2026-03-16,252.58729553222656,253.6563027081548,249.6499992581203,251.87794235419486,32074200
2026-03-17,253.99598693847656,254.89516767044782,251.94787083452104,252.72716690012706,32361600
2026-03-18,249.70994567871094,254.70534343896443,248.7708084606242,252.3974721128864,35757900
2026-03-19,248.73085021972656,251.5982036354298,247.0723745163624,249.17043241392184,34864100
2026-03-20,247.76173400878906,248.97061168291066,245.77356028907465,247.7517334570195,88331100
2026-03-23,251.25851440429688,254.3656523266213,250.0496214753341,253.73622734962268,40546100
2026-03-24,251.4083709716797,254.5954370944537,249.32029842391177,250.1195650925759,45152300
2026-03-25,252.38746643066406,254.76528059453105,251.3684162845015,253.86611511385965,28476700
2026-03-26,252.6572265625,256.76344411909713,250.53918279672283,251.88793104116345,41796700
2026-03-27,248.57098388671875,255.2548282141602,247.8416601166152,253.666280215245,47900000
2026-03-30,246.40298461914062,250.63907198816298,245.28400520065438,249.83982057534305,39446200
2026-03-31,253.55638122558594,255.24482803058763,246.87255213324852,247.6818040942864,49598100
2026-04-01,255.3946990966797,255.94418062939917,253.096813183035,253.8461228128272,40059400
2026-04-02,255.68443298339844,255.89424639361263,250.4192795609811,253.96601496217014,31289400
2026-04-06,258.6217041015625,261.9186847371787,256.2239194053331,256.27389167390277,29329900
2026-04-07,253.26666259765625,255.96418954301222,245.47383916108728,255.92421782448065,62148000
2026-04-08,258.66168212890625,259.51090582044134,256.29386854025813,258.2121146377317,41032800
2026-04-09,260.2502136230469,260.879638597066,255.8342992320816,258.7615948993736,28121600
2026-04-10,260.240234375,261.94865175168746,258.78155637925676,259.7406946341393,31291500
2026-04-13,258.96142578125,259.9405042051452,256.4237552437805,259.49093671136296,36234700
2026-04-14,258.59173583984375,261.68888841493145,256.9532612999924,259.01136264890187,48370700
2026-04-15,266.18475341796875,266.3146386359468,257.57269269729437,257.92237663273806,49913500
2026-04-16,263.15753173828125,266.91408037974617,261.0294875448873,266.55439590858066,43323100
2026-04-17,269.98126220703125,272.0493335842862,266.47448343207725,266.7142527536172,61436200
2026-04-20,272.79864501953125,274.0275237795767,270.04120633500696,270.08114756253855,36590200
2026-04-21,265.9250183105469,272.5488901425708,265.1557075406741,271.250098918132,50209800
2026-04-22,272.9185791015625,273.48803128351057,266.62435952726383,267.5734973129919,43249200
2026-04-23,273.1783142089844,275.5161566987003,271.39995382845746,274.79681820267325,33399600
2026-04-24,270.81048583984375,272.80864483253174,269.4017800912603,272.50893317942314,38157100
2026-04-27,267.3636474609375,268.1129570778125,264.8260075108844,265.84505761361925,41466800
2026-04-28,270.4608154296875,272.97851539952296,268.4127145556596,272.0893199684016,40018900
2026-04-29,269.92132568359375,270.7905199823619,266.7942019267937,267.3037117460274,30047900
2026-04-30,271.1002502441406,275.7459641951834,267.893213328058,270.25102650288807,91848200
2026-05-01,279.88214111328125,286.95561044034525,278.1137509144006,278.6032901046287,79915400
2026-05-04,276.5751647949219,280.3716851917065,274.60697695873915,279.4025768563376,46668400
2026-05-05,283.9184265136719,284.30808218316156,276.2455026895375,276.6750995896243,49311700
2026-05-06,287.245361328125,287.76487170009636,280.8112868075762,281.66051049385584,58336100
2026-05-07,287.1754150390625,291.8611003514943,285.5169394038565,289.00371711581823,45224300
2026-05-08,293.0500183105469,294.4886952888782,289.7330669166447,289.7430674686918,52692800
2026-05-11,292.67999267578125,293.8800048828125,290.2300109863281,291.9800109863281,42247300
2026-05-12,294.79998779296875,295.2699890136719,292.55999755859375,292.55999755859375,45748100
2026-05-13,298.8699951171875,300.9200134277344,293.5,293.5,52684300
2026-05-14,298.2099914550781,300.45001220703125,295.3800048828125,299.82000732421875,35324900
2026-05-15,300.2300109863281,303.20001220703125,296.5199890136719,297.8999938964844,54862800
2026-05-18,297.8399963378906,300.6600036621094,294.9100036621094,300.239990234375,34483000
2026-05-19,298.9700012207031,300.510009765625,296.3500061035156,296.9700012207031,42243600
2026-05-20,302.25,302.79998779296875,298.0799865722656,298.17999267578125,38229800
2026-05-21,304.989990234375,305.5400085449219,300.3999938964844,301.05999755859375,42965100
2026-05-22,308.82000732421875,311.3999938964844,305.8399963378906,306.1199951171875,43670200
2026-05-26,308.3299865722656,311.82000732421875,307.6700134277344,309.55999755859375,48000500
2026-05-27,310.8500061035156,313.260009765625,308.29998779296875,308.3299865722656,50430900
2026-05-28,312.510009765625,312.79998779296875,309.57000732421875,310.67999267578125,48220400
2026-05-29,312.05999755859375,315.0,309.5299987792969,311.7799987792969,69982800
2026-06-01,306.30999755859375,310.92999267578125,305.0299987792969,309.625,44170581
